filename,xmin,ymin,xmax,ymax,confidence,class_name,total_detections
hefei_3188.jpg,46,64,298,112,0.8460,meter_display,1
hefei_3190.jpg,66,50,318,99,0.8870,meter_display,1
hefei_3191.jpg,23,82,308,136,0.8726,meter_display,1
hefei_3192.jpg,52,47,290,92,0.8454,meter_display,1
hefei_3194.jpg,104,63,256,92,0.8623,meter_display,1
hefei_3195.jpg,58,43,312,92,0.8341,meter_display,1
hefei_3196.jpg,124,58,273,88,0.8016,meter_display,1
hefei_3198.jpg,54,41,319,95,0.8531,meter_display,1
hefei_3199.jpg,14,33,275,105,0.8558,meter_display,1
hefei_3200.jpg,105,69,316,118,0.7676,meter_display,2
hefei_3203.jpg,109,51,269,84,0.8830,meter_display,1
hefei_3204.jpg,125,31,280,66,0.8427,meter_display,1
hefei_3205.jpg,29,87,278,134,0.8831,meter_display,1
hefei_3208.jpg,34,21,291,70,0.8599,meter_display,1
hefei_3209.jpg,134,8,290,40,0.7692,meter_display,1
hefei_3210.jpg,65,30,299,74,0.8672,meter_display,1
hefei_3212.jpg,91,94,326,139,0.8260,meter_display,1
hefei_3213.jpg,72,34,337,93,0.8624,meter_display,1
hefei_3214.jpg,28,80,293,130,0.8916,meter_display,1
hefei_3216.jpg,52,40,300,89,0.8267,meter_display,1
hefei_3217.jpg,12,39,266,82,0.8755,meter_display,1
hefei_3218.jpg,70,67,318,113,0.8728,meter_display,1
hefei_3220.jpg,45,44,308,92,0.8790,meter_display,1
hefei_3221.jpg,103,77,261,106,0.8144,meter_display,1
hefei_3222.jpg,93,0,316,34,0.7089,meter_display,1
hefei_3224.jpg,23,10,278,57,0.8839,meter_display,1
hefei_3225.jpg,50,19,303,67,0.8670,meter_display,1
hefei_3226.jpg,53,103,317,153,0.8703,meter_display,1
hefei_3228.jpg,64,66,327,118,0.9020,meter_display,1
hefei_3229.jpg,85,58,359,112,0.8663,meter_display,1
hefei_3230.jpg,86,0,327,41,0.6584,meter_display,1
hefei_3232.jpg,69,68,353,118,0.8822,meter_display,1
hefei_3233.jpg,45,53,316,102,0.9116,meter_display,1
hefei_3234.jpg,91,3,226,67,0.6971,meter_display,1
hefei_3236.jpg,70,29,338,82,0.9091,meter_display,1
hefei_3237.jpg,65,53,319,101,0.8916,meter_display,1
hefei_3238.jpg,27,87,299,139,0.9019,meter_display,2
hefei_3240.jpg,80,119,350,172,0.8623,meter_display,1
hefei_3241.jpg,131,27,361,80,0.8331,meter_display,1
hefei_3242.jpg,39,28,296,77,0.8945,meter_display,1
hefei_3244.jpg,37,46,296,95,0.8834,meter_display,1
hefei_3245.jpg,35,0,311,35,0.8125,meter_display,2
hefei_3246.jpg,46,80,312,132,0.8682,meter_display,1
hefei_3248.jpg,34,101,294,151,0.8648,meter_display,2
hefei_3249.jpg,101,72,274,107,0.8520,meter_display,1
hefei_3250.jpg,45,87,312,139,0.9031,meter_display,2
hefei_3252.jpg,50,12,311,60,0.8974,meter_display,1
hefei_3253.jpg,48,88,318,140,0.8884,meter_display,1
hefei_3254.jpg,40,135,267,174,0.7759,meter_display,1
hefei_3256.jpg,107,103,371,151,0.8282,meter_display,2
hefei_3257.jpg,47,88,314,138,0.9042,meter_display,2
hefei_3258.jpg,49,85,316,135,0.8741,meter_display,2
hefei_3260.jpg,62,13,299,57,0.8524,meter_display,1
hefei_3261.jpg,104,80,385,133,0.8862,meter_display,2
hefei_3262.jpg,15,108,288,160,0.9037,meter_display,1
hefei_3264.jpg,40,52,297,102,0.9035,meter_display,1
hefei_3265.jpg,31,114,311,167,0.9009,meter_display,1
hefei_3266.jpg,35,8,271,51,0.7731,meter_display,1
hefei_3268.jpg,69,0,313,39,0.7826,meter_display,1
hefei_3269.jpg,45,52,305,101,0.9066,meter_display,1
hefei_3270.jpg,64,99,320,151,0.8604,meter_display,1
hefei_3272.jpg,49,105,309,153,0.8843,meter_display,1
hefei_3273.jpg,62,53,329,112,0.9005,meter_display,1
hefei_3274.jpg,47,66,309,114,0.8911,meter_display,1
hefei_3276.jpg,27,103,292,152,0.8809,meter_display,1
hefei_3277.jpg,69,69,319,117,0.8809,meter_display,1
hefei_3278.jpg,165,66,304,95,0.8374,meter_display,2
hefei_3280.jpg,74,82,241,115,0.8622,meter_display,1
hefei_3281.jpg,67,87,332,136,0.9055,meter_display,2
hefei_3282.jpg,93,76,330,128,0.8154,meter_display,1
hefei_3284.jpg,91,188,353,239,0.8768,meter_display,1
hefei_3285.jpg,31,90,299,141,0.9032,meter_display,1
hefei_3288.jpg,190,48,302,114,0.2844,meter_display,1
hefei_3289.jpg,59,64,309,114,0.8647,meter_display,1
hefei_3290.jpg,55,47,312,100,0.8844,meter_display,1
hefei_3292.jpg,10,8,255,51,0.8185,meter_display,1
hefei_3293.jpg,85,63,252,95,0.8541,meter_display,1
hefei_3294.jpg,50,65,300,111,0.8238,meter_display,1
hefei_3296.jpg,36,8,282,55,0.8661,meter_display,1
hefei_3297.jpg,102,78,261,109,0.8420,meter_display,1
hefei_3298.jpg,19,70,234,109,0.7488,meter_display,2
hefei_3300.jpg,47,59,309,110,0.8821,meter_display,1
hefei_3301.jpg,47,88,301,136,0.8932,meter_display,1
hefei_3302.jpg,9,40,278,92,0.8866,meter_display,1
hefei_3304.jpg,92,70,359,124,0.8617,meter_display,1
hefei_3305.jpg,21,0,281,40,0.8151,meter_display,1
hefei_3306.jpg,48,74,309,122,0.8999,meter_display,1
hefei_3308.jpg,63,96,322,147,0.9003,meter_display,2
hefei_3309.jpg,49,18,312,71,0.8783,meter_display,1
hefei_3310.jpg,39,23,292,71,0.8241,meter_display,1
hefei_3312.jpg,46,50,303,99,0.9102,meter_display,1
hefei_3313.jpg,113,61,275,91,0.8436,meter_display,1
hefei_3314.jpg,39,88,307,141,0.8814,meter_display,1
hefei_3316.jpg,93,38,267,71,0.8257,meter_display,2
hefei_3317.jpg,31,93,293,143,0.8970,meter_display,2
hefei_3318.jpg,61,57,306,103,0.8744,meter_display,1
hefei_3320.jpg,8,12,242,55,0.8452,meter_display,2
hefei_3321.jpg,37,4,293,52,0.8434,meter_display,1
hefei_3322.jpg,29,93,302,147,0.9001,meter_display,2
hefei_3324.jpg,61,26,327,79,0.9019,meter_display,1
hefei_3325.jpg,69,52,315,99,0.8833,meter_display,1
hefei_3326.jpg,73,31,334,80,0.8925,meter_display,1
hefei_3328.jpg,68,65,320,113,0.8761,meter_display,1
hefei_3329.jpg,48,84,316,136,0.8977,meter_display,2
hefei_3330.jpg,50,90,313,140,0.9002,meter_display,1
hefei_3332.jpg,94,71,262,105,0.8638,meter_display,1
hefei_3333.jpg,22,103,290,153,0.8684,meter_display,1
hefei_3334.jpg,27,90,298,143,0.9131,meter_display,2
hefei_3336.jpg,32,105,300,157,0.8734,meter_display,1
hefei_3337.jpg,65,40,307,91,0.7965,meter_display,1
hefei_3338.jpg,56,90,338,138,0.9110,meter_display,2
hefei_3340.jpg,37,100,303,153,0.8364,meter_display,1
hefei_3341.jpg,110,86,264,115,0.8534,meter_display,1
hefei_3342.jpg,36,59,321,112,0.8547,meter_display,1
hefei_3344.jpg,41,21,294,72,0.8316,meter_display,1
hefei_3345.jpg,85,38,257,74,0.8496,meter_display,1
hefei_3346.jpg,40,62,295,111,0.8621,meter_display,1
hefei_3348.jpg,25,57,289,107,0.9161,meter_display,1
hefei_3349.jpg,101,50,329,99,0.8487,meter_display,1
hefei_3350.jpg,72,80,312,121,0.8375,meter_display,2
hefei_3352.jpg,48,56,312,106,0.9000,meter_display,1
hefei_3353.jpg,27,3,289,51,0.8368,meter_display,2
hefei_3354.jpg,93,40,294,74,0.8316,meter_display,1
hefei_3356.jpg,60,29,276,66,0.7081,meter_display,1
hefei_3357.jpg,1,111,276,166,0.9063,meter_display,1
hefei_3358.jpg,25,92,289,141,0.9129,meter_display,3
hefei_3360.jpg,123,65,261,110,0.8174,meter_display,2
hefei_3361.jpg,48,18,299,64,0.8698,meter_display,1
hefei_3362.jpg,25,70,281,119,0.8940,meter_display,1
hefei_3364.jpg,90,76,250,105,0.8342,meter_display,1
hefei_3365.jpg,67,17,331,67,0.8879,meter_display,1
hefei_3366.jpg,66,0,330,36,0.6786,meter_display,1
hefei_3368.jpg,44,88,314,139,0.8956,meter_display,1
hefei_3369.jpg,49,23,303,71,0.8388,meter_display,1
hefei_3370.jpg,93,62,254,95,0.8601,meter_display,1
hefei_3372.jpg,53,31,317,81,0.8844,meter_display,1
hefei_3373.jpg,40,37,278,80,0.8290,meter_display,1
hefei_3374.jpg,32,81,295,131,0.8602,meter_display,2
hefei_3376.jpg,62,1,310,42,0.7894,meter_display,1
hefei_3377.jpg,49,88,320,140,0.9116,meter_display,1
hefei_3378.jpg,29,25,292,73,0.8839,meter_display,1
hefei_3380.jpg,47,45,324,95,0.8896,meter_display,1
hefei_3381.jpg,81,122,344,172,0.8347,meter_display,1
hefei_3382.jpg,7,90,270,140,0.8995,meter_display,1
hefei_3384.jpg,56,63,298,114,0.8275,meter_display,1
hefei_3385.jpg,60,60,300,110,0.8289,meter_display,1
hefei_3386.jpg,47,65,306,113,0.8854,meter_display,1
hefei_3388.jpg,124,40,374,91,0.8228,meter_display,1
hefei_3389.jpg,62,78,311,122,0.8783,meter_display,1
hefei_3390.jpg,76,81,335,135,0.8642,meter_display,1
hefei_3393.jpg,77,31,306,82,0.8263,meter_display,1
hefei_3394.jpg,43,88,308,139,0.9093,meter_display,2
hefei_3395.jpg,53,24,311,73,0.8719,meter_display,1
hefei_3397.jpg,84,36,242,69,0.8488,meter_display,1
hefei_3398.jpg,147,16,359,54,0.8553,meter_display,1
hefei_3399.jpg,112,125,256,152,0.8512,meter_display,1
hefei_3401.jpg,57,90,322,140,0.8925,meter_display,2
hefei_3402.jpg,42,1,290,49,0.7716,meter_display,2
hefei_3403.jpg,37,102,302,153,0.8621,meter_display,2
hefei_3406.jpg,47,90,317,143,0.9020,meter_display,1
hefei_3407.jpg,32,89,291,137,0.8978,meter_display,1
hefei_3408.jpg,102,61,249,89,0.8407,meter_display,1
hefei_3410.jpg,98,2,339,53,0.7635,meter_display,2
hefei_3411.jpg,107,51,276,85,0.8470,meter_display,1
hefei_3412.jpg,28,82,295,133,0.8726,meter_display,1
hefei_3414.jpg,21,36,297,93,0.9084,meter_display,1
hefei_3415.jpg,87,25,333,73,0.8515,meter_display,1
hefei_3416.jpg,63,84,327,134,0.8793,meter_display,3
hefei_3418.jpg,3,75,255,130,0.8428,meter_display,1
hefei_3419.jpg,74,28,307,74,0.8457,meter_display,1
hefei_3420.jpg,23,81,289,133,0.8577,meter_display,1
hefei_3422.jpg,10,8,269,53,0.8843,meter_display,2
hefei_3423.jpg,77,90,337,141,0.9010,meter_display,2
hefei_3424.jpg,59,72,311,120,0.8905,meter_display,1
hefei_3426.jpg,114,13,336,54,0.8383,meter_display,1
hefei_3427.jpg,,,,,,no_detection,0
hefei_3428.jpg,115,51,270,81,0.8258,meter_display,1
hefei_3430.jpg,29,117,308,171,0.8913,meter_display,1
hefei_3431.jpg,76,68,309,113,0.8329,meter_display,1
hefei_3432.jpg,27,97,290,146,0.9023,meter_display,2
hefei_3434.jpg,45,10,292,58,0.8626,meter_display,1
hefei_3435.jpg,91,70,250,101,0.8437,meter_display,1
hefei_3436.jpg,35,85,301,136,0.8845,meter_display,1
hefei_3438.jpg,62,12,339,66,0.9094,meter_display,1
hefei_3439.jpg,70,83,329,132,0.8520,meter_display,1
hefei_3440.jpg,40,86,301,138,0.8714,meter_display,1
hefei_3442.jpg,42,90,308,142,0.9051,meter_display,2
hefei_3443.jpg,43,69,301,119,0.8985,meter_display,1
hefei_3444.jpg,74,82,315,131,0.7940,meter_display,1
hefei_3446.jpg,65,61,308,111,0.8409,meter_display,1
hefei_3447.jpg,112,58,259,86,0.8392,meter_display,1
hefei_3448.jpg,65,47,311,93,0.8698,meter_display,1
hefei_3450.jpg,49,68,298,114,0.8804,meter_display,1
hefei_3451.jpg,60,1,310,41,0.8170,meter_display,2
hefei_3452.jpg,27,26,289,74,0.8992,meter_display,1
hefei_3454.jpg,51,70,300,118,0.8914,meter_display,1
hefei_3455.jpg,71,6,329,54,0.8832,meter_display,1
hefei_3456.jpg,63,98,328,151,0.8822,meter_display,1
hefei_3458.jpg,64,59,320,111,0.8732,meter_display,1
hefei_3459.jpg,43,43,299,92,0.8512,meter_display,1
hefei_3460.jpg,45,81,305,131,0.8699,meter_display,1
hefei_3462.jpg,129,125,269,150,0.8370,meter_display,1
hefei_3463.jpg,59,58,337,113,0.8409,meter_display,1
hefei_3464.jpg,47,7,289,51,0.8021,meter_display,1
hefei_3466.jpg,49,36,311,86,0.8856,meter_display,1
hefei_3467.jpg,132,24,372,72,0.8211,meter_display,1
hefei_3468.jpg,45,70,311,121,0.9198,meter_display,2
hefei_3470.jpg,45,96,309,151,0.9019,meter_display,1
hefei_3471.jpg,60,1,298,51,0.7790,meter_display,1
hefei_3472.jpg,67,87,288,132,0.8039,meter_display,4
hefei_3474.jpg,50,10,306,58,0.8949,meter_display,1
hefei_3475.jpg,50,42,321,95,0.8966,meter_display,1
hefei_3476.jpg,50,65,300,113,0.8812,meter_display,1
hefei_3478.jpg,91,50,252,83,0.8773,meter_display,1
hefei_3479.jpg,48,96,309,147,0.8944,meter_display,2
hefei_3480.jpg,48,82,318,134,0.8782,meter_display,2
hefei_3482.jpg,27,86,298,138,0.9126,meter_display,1
hefei_3483.jpg,47,63,296,113,0.8111,meter_display,1
hefei_3484.jpg,82,90,322,146,0.8262,meter_display,1
hefei_3486.jpg,44,101,309,151,0.8503,meter_display,1
hefei_3487.jpg,79,112,342,172,0.8466,meter_display,1
hefei_3488.jpg,68,51,334,100,0.9075,meter_display,1
hefei_3490.jpg,49,27,281,68,0.7537,meter_display,1
hefei_3491.jpg,69,60,335,111,0.8585,meter_display,1
hefei_3492.jpg,121,118,269,145,0.8324,meter_display,1
hefei_3495.jpg,82,97,352,151,0.8942,meter_display,1
hefei_3496.jpg,56,68,285,111,0.7852,meter_display,1
hefei_3497.jpg,46,60,303,111,0.8759,meter_display,1
hefei_3499.jpg,46,85,310,134,0.8979,meter_display,2
hefei_3500.jpg,38,36,294,81,0.8670,meter_display,1
hefei_3501.jpg,9,126,277,175,0.8909,meter_display,1
hefei_3503.jpg,109,59,264,87,0.8401,meter_display,1
hefei_3504.jpg,45,104,314,155,0.8858,meter_display,1
hefei_3505.jpg,0,26,187,66,0.8454,meter_display,1
hefei_3507.jpg,88,51,255,85,0.8571,meter_display,1
hefei_3508.jpg,93,77,264,109,0.8298,meter_display,1
hefei_3509.jpg,14,21,270,69,0.8634,meter_display,1
hefei_3511.jpg,97,42,324,87,0.8015,meter_display,1
hefei_3512.jpg,30,87,302,138,0.8917,meter_display,2
hefei_3513.jpg,45,24,301,75,0.8676,meter_display,1
hefei_3515.jpg,56,127,293,172,0.8307,meter_display,1
hefei_3516.jpg,57,45,312,94,0.8657,meter_display,1
hefei_3517.jpg,60,10,329,60,0.9017,meter_display,1
hefei_3519.jpg,40,91,308,141,0.9052,meter_display,3
hefei_3520.jpg,62,16,325,69,0.8903,meter_display,1
hefei_3521.jpg,10,12,269,56,0.8678,meter_display,2
hefei_3523.jpg,60,89,330,141,0.9198,meter_display,1
hefei_3524.jpg,59,4,294,44,0.7838,meter_display,1
hefei_3525.jpg,51,7,309,53,0.8746,meter_display,1
hefei_3527.jpg,71,36,319,91,0.8485,meter_display,1
hefei_3528.jpg,3,41,249,92,0.8493,meter_display,1
hefei_3529.jpg,65,109,312,155,0.8552,meter_display,1
hefei_3531.jpg,41,68,331,125,0.8823,meter_display,1
hefei_3532.jpg,52,102,316,153,0.8605,meter_display,1
hefei_3533.jpg,38,1,290,41,0.7912,meter_display,2
hefei_3535.jpg,20,96,291,146,0.9080,meter_display,1
hefei_3536.jpg,54,0,315,35,0.7303,meter_display,1
hefei_3537.jpg,45,101,318,153,0.8753,meter_display,1
hefei_3539.jpg,4,87,266,139,0.9135,meter_display,2
hefei_3540.jpg,58,94,324,146,0.8894,meter_display,1
hefei_3541.jpg,63,34,325,82,0.8507,meter_display,1
hefei_3543.jpg,40,105,308,156,0.8721,meter_display,1
hefei_3544.jpg,31,113,303,167,0.8989,meter_display,1
hefei_3545.jpg,66,33,329,80,0.9038,meter_display,1
hefei_3547.jpg,45,101,290,139,0.8228,meter_display,1
hefei_3548.jpg,31,2,269,45,0.7878,meter_display,1
hefei_3549.jpg,58,38,328,92,0.8577,meter_display,1
hefei_3551.jpg,38,11,291,57,0.8847,meter_display,2
hefei_3552.jpg,36,70,296,120,0.8991,meter_display,1
hefei_3553.jpg,63,53,322,103,0.9024,meter_display,1
hefei_3555.jpg,123,78,278,105,0.8125,meter_display,2
hefei_3556.jpg,78,80,340,132,0.8509,meter_display,1
hefei_3557.jpg,66,9,309,54,0.8485,meter_display,2
hefei_3559.jpg,47,10,299,60,0.8747,meter_display,1
hefei_3560.jpg,80,23,312,62,0.7995,meter_display,2
hefei_3561.jpg,43,90,310,141,0.9123,meter_display,3
hefei_3563.jpg,23,23,290,72,0.8706,meter_display,1
hefei_3564.jpg,44,88,312,140,0.9161,meter_display,2
hefei_3565.jpg,45,90,299,138,0.8941,meter_display,1
hefei_3567.jpg,49,32,300,80,0.8939,meter_display,1
hefei_3568.jpg,66,35,298,82,0.8029,meter_display,1
hefei_3569.jpg,43,103,310,153,0.8677,meter_display,1
hefei_3571.jpg,48,49,300,98,0.8993,meter_display,1
hefei_3572.jpg,43,77,340,133,0.8348,meter_display,1
hefei_3573.jpg,83,58,345,111,0.8454,meter_display,1
hefei_3575.jpg,27,82,287,131,0.8280,meter_display,1
hefei_3576.jpg,51,40,315,92,0.8743,meter_display,1
hefei_3577.jpg,56,79,325,132,0.8520,meter_display,1
hefei_3579.jpg,46,86,313,137,0.8950,meter_display,1
hefei_3580.jpg,49,49,301,98,0.8990,meter_display,1
hefei_3581.jpg,41,94,314,148,0.9104,meter_display,1
hefei_3583.jpg,96,39,261,93,0.8702,meter_display,1
hefei_3584.jpg,87,36,250,72,0.8233,meter_display,1
hefei_3585.jpg,44,10,313,60,0.9029,meter_display,1
hefei_3587.jpg,63,90,329,142,0.9110,meter_display,1
hefei_3588.jpg,46,85,311,134,0.9029,meter_display,2
hefei_3589.jpg,46,96,311,146,0.9094,meter_display,1
hefei_3591.jpg,51,20,310,71,0.8467,meter_display,1
hefei_3592.jpg,45,53,286,100,0.8620,meter_display,2
hefei_3593.jpg,67,76,320,127,0.8254,meter_display,1
hefei_3595.jpg,64,29,311,78,0.8815,meter_display,1
hefei_3596.jpg,134,72,289,101,0.8588,meter_display,1
hefei_3597.jpg,27,85,291,133,0.8958,meter_display,2
hefei_3599.jpg,88,43,302,95,0.7758,meter_display,1
hefei_3600.jpg,69,7,322,57,0.8638,meter_display,1
hefei_3601.jpg,46,40,309,92,0.8758,meter_display,1
hefei_3603.jpg,0,94,277,148,0.9142,meter_display,1
hefei_3604.jpg,51,81,296,130,0.8511,meter_display,1
hefei_3605.jpg,18,40,307,94,0.8769,meter_display,1
hefei_3607.jpg,113,50,276,81,0.8392,meter_display,2
hefei_3608.jpg,28,96,290,144,0.9014,meter_display,1
hefei_3609.jpg,42,104,309,153,0.8747,meter_display,1
hefei_3612.jpg,101,48,274,81,0.8389,meter_display,1
hefei_3613.jpg,25,73,321,131,0.8820,meter_display,1
hefei_3615.jpg,22,89,290,138,0.9161,meter_display,1
hefei_3616.jpg,96,0,343,33,0.7725,meter_display,2
hefei_3617.jpg,66,72,333,119,0.8781,meter_display,1
hefei_3619.jpg,34,86,293,134,0.8895,meter_display,1
hefei_3620.jpg,71,81,226,111,0.8600,meter_display,1
hefei_3621.jpg,100,22,334,63,0.7868,meter_display,1
hefei_3623.jpg,24,60,280,111,0.8827,meter_display,1
hefei_3624.jpg,33,104,310,154,0.8569,meter_display,1
hefei_3625.jpg,53,62,312,112,0.8467,meter_display,1
hefei_3627.jpg,46,49,309,99,0.9153,meter_display,1
hefei_3628.jpg,62,94,320,146,0.8744,meter_display,1
hefei_3629.jpg,45,37,299,86,0.8751,meter_display,1
hefei_3631.jpg,53,81,317,132,0.8633,meter_display,1
hefei_3632.jpg,19,100,293,152,0.8748,meter_display,1
hefei_3633.jpg,42,68,312,119,0.9114,meter_display,1
hefei_3635.jpg,38,102,309,152,0.8359,meter_display,2
hefei_3636.jpg,25,23,288,74,0.8703,meter_display,1
hefei_3637.jpg,46,67,309,118,0.8956,meter_display,1
hefei_3639.jpg,56,37,309,84,0.8774,meter_display,1
hefei_3640.jpg,119,56,284,86,0.8197,meter_display,1
hefei_3641.jpg,66,5,321,55,0.8680,meter_display,1
hefei_3643.jpg,116,32,266,63,0.8506,meter_display,1
hefei_3644.jpg,105,69,321,111,0.7117,meter_display,1
hefei_3645.jpg,56,46,316,96,0.8859,meter_display,2
hefei_3647.jpg,84,17,348,68,0.8858,meter_display,1
hefei_3648.jpg,68,52,302,97,0.8420,meter_display,1
hefei_3649.jpg,45,78,297,126,0.8887,meter_display,1
hefei_3651.jpg,63,89,306,136,0.8653,meter_display,1
hefei_3652.jpg,96,72,367,118,0.8890,meter_display,1
hefei_3653.jpg,47,100,321,152,0.8948,meter_display,2
hefei_3655.jpg,113,42,270,118,0.5526,meter_display,2
hefei_3656.jpg,79,20,316,66,0.8180,meter_display,1
hefei_3657.jpg,63,69,290,111,0.7633,meter_display,1
hefei_3659.jpg,41,99,306,151,0.8610,meter_display,2
hefei_3660.jpg,80,12,333,61,0.8696,meter_display,2
hefei_3661.jpg,37,89,302,143,0.9075,meter_display,2
hefei_3663.jpg,64,46,323,95,0.8967,meter_display,1
hefei_3664.jpg,68,57,342,112,0.8738,meter_display,1
hefei_3665.jpg,80,43,321,92,0.7899,meter_display,3
hefei_3667.jpg,49,46,311,96,0.9008,meter_display,1
hefei_3668.jpg,32,84,294,133,0.8807,meter_display,2
hefei_3669.jpg,63,20,319,71,0.8502,meter_display,1
hefei_3671.jpg,53,37,311,79,0.8336,meter_display,2
hefei_3672.jpg,53,48,314,97,0.9008,meter_display,1
hefei_3673.jpg,82,37,242,69,0.8447,meter_display,1
hefei_3675.jpg,57,7,292,51,0.7870,meter_display,1
hefei_3676.jpg,4,98,282,152,0.8985,meter_display,1
hefei_3677.jpg,24,69,287,119,0.9101,meter_display,1
hefei_3679.jpg,61,17,317,62,0.8671,meter_display,2
hefei_3680.jpg,105,48,269,79,0.8552,meter_display,1
hefei_3681.jpg,113,51,275,84,0.8648,meter_display,1
hefei_3683.jpg,82,71,236,100,0.8489,meter_display,1
hefei_3684.jpg,38,70,324,131,0.8988,meter_display,1
hefei_3685.jpg,48,67,327,115,0.8761,meter_display,1
hefei_3687.jpg,58,98,321,151,0.8898,meter_display,2
hefei_3688.jpg,55,100,323,153,0.8574,meter_display,1
hefei_3689.jpg,45,90,309,142,0.9190,meter_display,1
hefei_3691.jpg,46,85,311,137,0.8854,meter_display,2
hefei_3692.jpg,24,63,289,112,0.8701,meter_display,1
hefei_3693.jpg,46,85,304,133,0.8825,meter_display,2
hefei_3695.jpg,58,86,316,137,0.8591,meter_display,2
hefei_3696.jpg,24,41,272,91,0.8298,meter_display,1
hefei_3697.jpg,78,9,303,56,0.8250,meter_display,1
hefei_3699.jpg,71,33,316,91,0.8655,meter_display,1
hefei_3700.jpg,100,90,327,137,0.8198,meter_display,1
hefei_3701.jpg,58,61,330,111,0.8267,meter_display,1
hefei_3703.jpg,38,98,302,151,0.8870,meter_display,1
hefei_3704.jpg,39,49,255,91,0.7580,meter_display,1
hefei_3705.jpg,65,47,327,100,0.9050,meter_display,1
hefei_3707.jpg,69,61,317,111,0.8587,meter_display,1
hefei_3708.jpg,34,93,293,142,0.8979,meter_display,2
hefei_3709.jpg,61,35,340,86,0.8897,meter_display,1
hefei_3711.jpg,55,100,317,151,0.8781,meter_display,1
hefei_3712.jpg,71,116,308,160,0.8333,meter_display,1
hefei_3713.jpg,40,38,292,87,0.8908,meter_display,1
hefei_3715.jpg,73,34,335,91,0.8733,meter_display,1
hefei_3716.jpg,37,81,296,131,0.8637,meter_display,1
hefei_3717.jpg,90,43,321,93,0.7805,meter_display,1
hefei_3719.jpg,48,48,308,97,0.8970,meter_display,1
hefei_3720.jpg,47,24,296,72,0.8373,meter_display,1
hefei_3721.jpg,52,37,315,89,0.8956,meter_display,1
hefei_3723.jpg,52,88,319,139,0.8913,meter_display,2
hefei_3724.jpg,91,16,249,50,0.8107,meter_display,1
hefei_3725.jpg,45,50,310,100,0.9144,meter_display,1
hefei_3727.jpg,84,82,348,133,0.8635,meter_display,1
hefei_3728.jpg,4,47,263,100,0.9020,meter_display,1
hefei_3729.jpg,47,101,297,151,0.8397,meter_display,3
hefei_3731.jpg,18,89,290,141,0.9179,meter_display,1
hefei_3732.jpg,38,96,310,151,0.8923,meter_display,1
hefei_3733.jpg,45,90,309,141,0.9164,meter_display,2
hefei_3735.jpg,37,1,287,36,0.7957,meter_display,2
hefei_3736.jpg,55,15,291,61,0.8305,meter_display,1
hefei_3737.jpg,47,37,328,93,0.8657,meter_display,1
hefei_3739.jpg,41,33,302,83,0.9081,meter_display,1
hefei_3740.jpg,53,20,279,68,0.8280,meter_display,1
hefei_3741.jpg,60,0,316,47,0.7199,meter_display,1
hefei_3743.jpg,47,92,317,147,0.9103,meter_display,1
hefei_3744.jpg,50,99,309,150,0.8895,meter_display,2
hefei_3745.jpg,54,57,309,101,0.8882,meter_display,1
hefei_3747.jpg,49,82,336,137,0.8783,meter_display,1
hefei_3748.jpg,38,10,289,53,0.8624,meter_display,1
hefei_3749.jpg,52,83,316,133,0.8722,meter_display,2
hefei_3751.jpg,55,84,319,136,0.8724,meter_display,1
hefei_3752.jpg,60,21,320,77,0.8333,meter_display,1
hefei_3753.jpg,25,89,293,141,0.9160,meter_display,2
hefei_3755.jpg,51,117,289,161,0.8382,meter_display,1
hefei_3756.jpg,47,98,301,150,0.8797,meter_display,3
hefei_3757.jpg,98,15,262,63,0.8317,meter_display,3
hefei_3759.jpg,75,9,335,53,0.8152,meter_display,1
hefei_3760.jpg,128,32,339,70,0.7851,meter_display,1
hefei_3761.jpg,75,9,307,56,0.8076,meter_display,1
hefei_3763.jpg,28,55,282,106,0.8978,meter_display,1
hefei_3764.jpg,8,56,268,101,0.8961,meter_display,1
hefei_3765.jpg,45,51,309,100,0.9113,meter_display,1
hefei_3767.jpg,57,10,304,54,0.8738,meter_display,1
hefei_3768.jpg,68,55,306,101,0.8615,meter_display,1
hefei_3769.jpg,1,19,269,70,0.8538,meter_display,1
hefei_3771.jpg,18,91,284,140,0.8956,meter_display,1
hefei_3772.jpg,35,50,297,100,0.9036,meter_display,1
hefei_3773.jpg,73,75,341,134,0.8793,meter_display,1
hefei_3775.jpg,33,32,290,80,0.8942,meter_display,1
hefei_3776.jpg,28,1,277,47,0.8042,meter_display,1
hefei_3777.jpg,84,0,307,36,0.8144,meter_display,2
hefei_3779.jpg,26,90,302,147,0.9138,meter_display,1
hefei_3780.jpg,102,46,274,80,0.8464,meter_display,1
hefei_3781.jpg,52,80,297,126,0.8700,meter_display,1
hefei_3783.jpg,44,18,300,67,0.8686,meter_display,1
hefei_3784.jpg,67,28,326,76,0.9026,meter_display,1
hefei_3785.jpg,30,30,288,79,0.9027,meter_display,1
hefei_3787.jpg,61,26,312,74,0.8713,meter_display,1
hefei_3788.jpg,45,28,296,75,0.8856,meter_display,1
hefei_3789.jpg,53,71,275,112,0.8322,meter_display,1
hefei_3791.jpg,42,9,307,69,0.8985,meter_display,1
hefei_3792.jpg,32,106,286,154,0.8764,meter_display,1
hefei_3793.jpg,46,44,299,94,0.8622,meter_display,1
hefei_3795.jpg,60,23,330,73,0.8714,meter_display,1
hefei_3796.jpg,36,88,267,131,0.8041,meter_display,2
hefei_3797.jpg,55,85,314,134,0.8635,meter_display,1
hefei_3799.jpg,32,101,291,151,0.8723,meter_display,1
hefei_3800.jpg,3,9,257,59,0.8839,meter_display,1
hefei_3801.jpg,37,9,282,55,0.8709,meter_display,1
hefei_3803.jpg,61,41,305,86,0.8437,meter_display,1
hefei_3804.jpg,23,94,295,148,0.9080,meter_display,1
hefei_3805.jpg,42,92,311,147,0.9110,meter_display,1
hefei_3808.jpg,20,90,295,142,0.9093,meter_display,2
hefei_3811.jpg,69,28,232,77,0.8448,meter_display,2
hefei_3812.jpg,55,52,310,104,0.9070,meter_display,1
hefei_3813.jpg,22,88,299,139,0.9135,meter_display,1
hefei_3816.jpg,68,45,301,95,0.8278,meter_display,1
hefei_3817.jpg,76,86,341,143,0.8935,meter_display,1
hefei_3819.jpg,48,80,295,129,0.8660,meter_display,1
hefei_3820.jpg,100,28,261,80,0.8428,meter_display,1
hefei_3821.jpg,38,90,294,141,0.8942,meter_display,2
hefei_3823.jpg,64,18,317,66,0.8705,meter_display,1
hefei_3824.jpg,5,61,267,111,0.8827,meter_display,1
hefei_3827.jpg,45,40,295,91,0.8674,meter_display,2
hefei_3828.jpg,98,34,334,80,0.8316,meter_display,1
hefei_3829.jpg,54,66,311,114,0.8858,meter_display,1
hefei_3831.jpg,36,3,289,52,0.8196,meter_display,2
hefei_3832.jpg,48,46,301,94,0.8911,meter_display,1
hefei_3833.jpg,94,28,325,76,0.8013,meter_display,2
hefei_3836.jpg,45,65,301,112,0.8664,meter_display,1
hefei_3837.jpg,88,42,295,79,0.8108,meter_display,1
hefei_3838.jpg,122,132,251,155,0.8034,meter_display,1
hefei_3840.jpg,50,78,294,121,0.8589,meter_display,2
hefei_3842.jpg,103,60,268,91,0.8423,meter_display,1
hefei_3844.jpg,44,33,253,72,0.7857,meter_display,1
hefei_3845.jpg,54,100,317,151,0.8774,meter_display,2
hefei_3846.jpg,79,55,309,129,0.7555,meter_display,2
hefei_3849.jpg,55,87,312,137,0.8725,meter_display,2
hefei_3850.jpg,110,63,318,101,0.8664,meter_display,1
hefei_3852.jpg,43,56,301,108,0.8898,meter_display,1
hefei_3853.jpg,102,19,322,58,0.8177,meter_display,1
hefei_3854.jpg,57,18,298,61,0.8370,meter_display,1
hefei_3857.jpg,63,12,311,58,0.8403,meter_display,1
hefei_3858.jpg,46,51,278,113,0.6852,meter_display,1
hefei_3860.jpg,40,97,294,147,0.8942,meter_display,2
hefei_3861.jpg,54,26,302,73,0.8680,meter_display,1
hefei_3862.jpg,41,89,311,140,0.9134,meter_display,2
hefei_3865.jpg,68,19,331,71,0.8584,meter_display,2
hefei_3866.jpg,30,24,289,71,0.8490,meter_display,1
hefei_3868.jpg,85,37,242,71,0.8107,meter_display,1
hefei_3869.jpg,63,93,322,145,0.9022,meter_display,2
hefei_3872.jpg,44,33,302,92,0.8803,meter_display,1
hefei_3874.jpg,112,0,313,30,0.7887,meter_display,2
hefei_3876.jpg,19,0,245,41,0.5863,meter_display,1
hefei_3878.jpg,87,67,254,98,0.8354,meter_display,1
hefei_3880.jpg,49,12,278,54,0.8383,meter_display,1
hefei_3881.jpg,70,45,332,96,0.8925,meter_display,1
hefei_3882.jpg,9,102,278,153,0.8610,meter_display,1
hefei_3884.jpg,43,24,295,73,0.8550,meter_display,1
hefei_3886.jpg,38,91,292,140,0.8949,meter_display,1
hefei_3888.jpg,97,47,264,78,0.8332,meter_display,1
hefei_3889.jpg,51,50,309,100,0.9072,meter_display,1
hefei_3890.jpg,24,82,287,132,0.8418,meter_display,1
hefei_3892.jpg,46,96,309,146,0.8997,meter_display,2
hefei_3894.jpg,70,56,318,100,0.8692,meter_display,1
hefei_3897.jpg,69,66,327,111,0.7991,meter_display,1
hefei_3898.jpg,58,14,308,60,0.8714,meter_display,1
hefei_3904.jpg,97,21,286,59,0.8059,meter_display,3
hefei_3906.jpg,35,89,300,141,0.9097,meter_display,2
hefei_3908.jpg,66,90,299,134,0.8430,meter_display,1
hefei_3909.jpg,36,5,297,59,0.8498,meter_display,1
hefei_3910.jpg,64,73,333,128,0.9027,meter_display,2
hefei_3913.jpg,62,1,312,47,0.7885,meter_display,1
hefei_3916.jpg,49,47,308,96,0.8947,meter_display,1
hefei_3917.jpg,50,47,302,96,0.8930,meter_display,1
hefei_3920.jpg,52,17,302,63,0.8718,meter_display,1
hefei_3921.jpg,123,72,266,101,0.8741,meter_display,1
hefei_3925.jpg,139,97,275,125,0.8673,meter_display,1
hefei_3928.jpg,50,2,311,52,0.8218,meter_display,1
hefei_3929.jpg,45,38,286,80,0.8296,meter_display,1
hefei_3930.jpg,51,72,336,119,0.8821,meter_display,1
hefei_3933.jpg,52,44,314,94,0.8793,meter_display,1
hefei_3936.jpg,63,102,333,155,0.8634,meter_display,1
hefei_3937.jpg,58,29,314,78,0.8967,meter_display,1
hefei_3938.jpg,45,27,309,78,0.9029,meter_display,1
hefei_3940.jpg,69,84,318,132,0.8272,meter_display,1
hefei_3941.jpg,55,22,311,71,0.8355,meter_display,1
hefei_3942.jpg,46,102,313,154,0.8693,meter_display,1
hefei_3944.jpg,67,62,308,111,0.7947,meter_display,1
hefei_3945.jpg,26,80,316,134,0.8344,meter_display,3
hefei_3946.jpg,31,93,302,147,0.9059,meter_display,1
hefei_3948.jpg,27,51,305,100,0.8862,meter_display,1
hefei_3949.jpg,79,49,316,91,0.7504,meter_display,1
hefei_3950.jpg,96,30,263,64,0.8790,meter_display,1
hefei_3954.jpg,68,0,311,41,0.7420,meter_display,2
hefei_3956.jpg,31,92,299,144,0.9155,meter_display,1
hefei_3957.jpg,44,50,322,101,0.9136,meter_display,1
hefei_3958.jpg,40,85,303,138,0.8805,meter_display,1
hefei_3960.jpg,40,70,331,132,0.8836,meter_display,1
hefei_3961.jpg,46,23,302,71,0.8474,meter_display,1
hefei_3962.jpg,102,48,260,80,0.8262,meter_display,1
hefei_3964.jpg,63,1,310,48,0.7894,meter_display,1
hefei_3965.jpg,69,102,319,151,0.8290,meter_display,1
hefei_3968.jpg,35,37,306,91,0.8830,meter_display,1
hefei_3970.jpg,133,18,352,65,0.7569,meter_display,2
hefei_3972.jpg,40,0,306,36,0.3376,meter_display,1
hefei_3973.jpg,103,51,270,85,0.8687,meter_display,1
hefei_3974.jpg,66,39,314,89,0.8486,meter_display,1
hefei_3977.jpg,50,19,300,66,0.8523,meter_display,1
hefei_3982.jpg,82,77,349,123,0.8897,meter_display,1
hefei_3986.jpg,93,37,342,92,0.8335,meter_display,1
hefei_3988.jpg,46,49,301,97,0.8956,meter_display,1
hefei_3989.jpg,100,20,328,76,0.7704,meter_display,1
hefei_3990.jpg,46,10,300,61,0.8863,meter_display,1
hefei_3996.jpg,41,99,304,151,0.8690,meter_display,1
hefei_3998.jpg,131,144,277,169,0.8245,meter_display,1
hefei_4000.jpg,52,22,309,75,0.8781,meter_display,1
hefei_4002.jpg,103,48,259,79,0.8404,meter_display,1
hefei_4004.jpg,49,50,309,99,0.9044,meter_display,1
hefei_4005.jpg,68,1,298,46,0.8158,meter_display,1
hefei_4009.jpg,116,55,248,80,0.8465,meter_display,1
hefei_4010.jpg,42,71,289,117,0.8723,meter_display,1
hefei_4012.jpg,40,50,288,102,0.8784,meter_display,1
hefei_4014.jpg,91,87,322,134,0.7882,meter_display,1
hefei_4018.jpg,52,16,308,62,0.8804,meter_display,1
hefei_4020.jpg,67,38,322,85,0.8918,meter_display,1
hefei_4021.jpg,84,58,339,112,0.8717,meter_display,1
hefei_4024.jpg,58,53,307,101,0.8784,meter_display,1
hefei_4025.jpg,76,30,253,67,0.8239,meter_display,2
hefei_4026.jpg,70,38,300,84,0.8365,meter_display,1
hefei_4028.jpg,21,17,284,67,0.8755,meter_display,2
hefei_4029.jpg,64,66,315,114,0.8615,meter_display,1
hefei_4030.jpg,45,11,302,59,0.8972,meter_display,1
hefei_4032.jpg,28,23,288,72,0.8451,meter_display,1
hefei_4037.jpg,79,21,316,66,0.8303,meter_display,1
hefei_4038.jpg,27,79,275,127,0.8707,meter_display,1
hefei_4042.jpg,95,37,260,69,0.8365,meter_display,1
hefei_4045.jpg,82,37,357,94,0.8865,meter_display,1
hefei_4047.jpg,48,39,307,87,0.8945,meter_display,1
hefei_4049.jpg,83,53,246,85,0.8456,meter_display,1
hefei_4050.jpg,79,29,352,84,0.9011,meter_display,1
hefei_4051.jpg,59,27,330,78,0.9012,meter_display,1
hefei_4055.jpg,88,35,353,99,0.8073,meter_display,2
hefei_4057.jpg,14,0,278,40,0.7683,meter_display,1
hefei_4058.jpg,81,79,304,129,0.7701,meter_display,1
hefei_4061.jpg,39,78,236,112,0.2807,meter_display,1
hefei_4062.jpg,35,97,305,152,0.8876,meter_display,1
hefei_4063.jpg,111,57,256,86,0.8548,meter_display,1
hefei_4065.jpg,43,40,297,91,0.8532,meter_display,1
hefei_4066.jpg,61,28,308,73,0.8782,meter_display,1
hefei_4069.jpg,84,43,312,94,0.8031,meter_display,1
hefei_4070.jpg,64,20,317,72,0.8452,meter_display,1
hefei_4071.jpg,44,37,291,80,0.8489,meter_display,1
hefei_4073.jpg,49,49,306,97,0.9044,meter_display,1
hefei_4074.jpg,21,72,280,119,0.8930,meter_display,1
hefei_4075.jpg,14,89,259,135,0.8862,meter_display,2
hefei_4077.jpg,45,63,308,113,0.8866,meter_display,1
hefei_4081.jpg,83,0,268,33,0.6412,meter_display,1
hefei_4082.jpg,36,43,292,92,0.8549,meter_display,1
hefei_4083.jpg,43,88,348,140,0.8617,meter_display,1
hefei_4086.jpg,74,65,329,113,0.8687,meter_display,1
hefei_4089.jpg,48,5,305,53,0.8546,meter_display,2
hefei_4090.jpg,14,28,251,71,0.8304,meter_display,1
hefei_4093.jpg,28,41,281,92,0.8421,meter_display,1
hefei_4094.jpg,13,24,261,71,0.8249,meter_display,1
hefei_4095.jpg,29,38,290,86,0.9043,meter_display,1
hefei_4097.jpg,36,80,291,131,0.8455,meter_display,1
hefei_4098.jpg,22,37,283,88,0.8923,meter_display,1
hefei_4099.jpg,52,49,311,99,0.8965,meter_display,1
hefei_4101.jpg,67,63,301,114,0.8452,meter_display,2
hefei_4102.jpg,33,68,299,120,0.9089,meter_display,1
hefei_4103.jpg,51,39,296,85,0.8370,meter_display,1
hefei_4105.jpg,39,24,292,72,0.8441,meter_display,1
hefei_4109.jpg,52,40,307,86,0.8848,meter_display,1
hefei_4110.jpg,46,56,317,110,0.8995,meter_display,1
hefei_4111.jpg,44,21,296,71,0.8325,meter_display,1
hefei_4113.jpg,42,42,294,92,0.8371,meter_display,1
hefei_4114.jpg,42,15,289,60,0.8722,meter_display,1
hefei_4115.jpg,57,107,271,137,0.3439,meter_display,2
hefei_4117.jpg,17,30,261,81,0.8762,meter_display,1
hefei_4118.jpg,101,31,261,62,0.8774,meter_display,1
hefei_4121.jpg,35,46,297,96,0.8736,meter_display,1
hefei_4125.jpg,27,21,289,72,0.8563,meter_display,1
hefei_4127.jpg,34,19,290,66,0.8771,meter_display,1
hefei_4129.jpg,27,45,281,93,0.8813,meter_display,1
hefei_4131.jpg,44,50,297,99,0.8954,meter_display,1
hefei_4133.jpg,47,27,317,79,0.9123,meter_display,1
hefei_4135.jpg,45,90,307,140,0.8983,meter_display,1
hefei_4138.jpg,28,38,292,91,0.8839,meter_display,1
hefei_4139.jpg,63,56,298,100,0.8486,meter_display,1
hefei_4141.jpg,31,97,283,141,0.8822,meter_display,2
hefei_4142.jpg,39,7,250,48,0.7911,meter_display,1
hefei_4143.jpg,46,18,308,66,0.8848,meter_display,1
hefei_4145.jpg,115,50,263,80,0.8321,meter_display,1
hefei_4146.jpg,51,26,300,72,0.8569,meter_display,1
hefei_4147.jpg,84,98,321,144,0.8109,meter_display,1
hefei_4149.jpg,56,78,301,131,0.8506,meter_display,1
hefei_4150.jpg,67,76,319,121,0.8744,meter_display,1
hefei_4151.jpg,104,59,271,90,0.8449,meter_display,1
hefei_4153.jpg,13,148,241,194,0.8055,meter_display,1
hefei_4154.jpg,123,56,287,87,0.8609,meter_display,1
hefei_4155.jpg,81,51,307,94,0.8446,meter_display,2
hefei_4161.jpg,85,27,329,73,0.8487,meter_display,1
hefei_4162.jpg,24,35,281,80,0.8787,meter_display,1
hefei_4163.jpg,103,42,249,71,0.8773,meter_display,1
hefei_4165.jpg,70,13,335,68,0.8853,meter_display,1
hefei_4166.jpg,46,40,308,91,0.8826,meter_display,1
hefei_4167.jpg,14,1,271,33,0.7618,meter_display,2
hefei_4170.jpg,31,60,291,111,0.8725,meter_display,1
hefei_4171.jpg,101,47,255,76,0.8473,meter_display,2
hefei_4173.jpg,50,24,301,71,0.7859,meter_display,1
hefei_4175.jpg,117,46,270,76,0.8538,meter_display,1
hefei_4178.jpg,39,101,289,150,0.8564,meter_display,2
hefei_4181.jpg,90,51,341,97,0.8791,meter_display,1
hefei_4183.jpg,42,12,292,60,0.8602,meter_display,1
hefei_4185.jpg,31,63,276,111,0.8119,meter_display,1
hefei_4186.jpg,4,23,266,71,0.8613,meter_display,1
hefei_4187.jpg,41,85,341,137,0.7773,meter_display,1
hefei_4189.jpg,121,50,279,82,0.8781,meter_display,1
hefei_4190.jpg,34,80,296,131,0.8468,meter_display,1
hefei_4191.jpg,72,68,238,99,0.8457,meter_display,1
hefei_4193.jpg,99,62,332,112,0.7655,meter_display,1
hefei_4194.jpg,49,11,302,60,0.8888,meter_display,1
hefei_4195.jpg,132,83,268,107,0.7923,meter_display,1
hefei_4197.jpg,68,8,336,63,0.8852,meter_display,1
hefei_4198.jpg,73,58,240,90,0.8521,meter_display,1
hefei_4199.jpg,105,51,249,78,0.8292,meter_display,1
hefei_4201.jpg,63,9,335,62,0.9061,meter_display,1
hefei_4202.jpg,126,51,282,82,0.8813,meter_display,1
hefei_4203.jpg,100,66,254,95,0.8580,meter_display,1
hefei_4206.jpg,5,20,268,71,0.8598,meter_display,2
hefei_4207.jpg,29,67,289,115,0.8986,meter_display,1
hefei_4209.jpg,95,86,261,116,0.8435,meter_display,1
hefei_4210.jpg,29,10,281,59,0.8931,meter_display,1
hefei_4211.jpg,14,5,299,60,0.8773,meter_display,1
hefei_4213.jpg,72,89,330,135,0.8486,meter_display,2
hefei_4214.jpg,113,99,279,130,0.8391,meter_display,1
hefei_4215.jpg,89,30,257,64,0.8556,meter_display,1
hefei_4217.jpg,126,22,282,57,0.8674,meter_display,1
hefei_4218.jpg,19,91,248,135,0.8334,meter_display,1
hefei_4219.jpg,46,70,302,120,0.9058,meter_display,1
hefei_4221.jpg,48,30,321,89,0.9209,meter_display,2
hefei_4222.jpg,79,74,351,123,0.8839,meter_display,1
hefei_4223.jpg,23,38,271,84,0.8675,meter_display,2
hefei_4225.jpg,87,0,341,47,0.7979,meter_display,1
hefei_4226.jpg,44,98,296,148,0.8722,meter_display,2
hefei_4227.jpg,71,91,323,145,0.8916,meter_display,1
hefei_4230.jpg,53,7,310,54,0.8771,meter_display,1
hefei_4231.jpg,103,113,270,145,0.8469,meter_display,1
hefei_4233.jpg,33,21,274,67,0.8214,meter_display,2
hefei_4234.jpg,55,10,309,57,0.8888,meter_display,1
hefei_4237.jpg,65,39,279,74,0.8512,meter_display,1
hefei_4238.jpg,111,0,299,39,0.8411,meter_display,1
hefei_4241.jpg,94,53,265,86,0.8352,meter_display,1
hefei_4242.jpg,55,31,339,85,0.9200,meter_display,1
hefei_4245.jpg,5,62,258,111,0.8301,meter_display,2
hefei_4251.jpg,30,24,291,75,0.8312,meter_display,1
hefei_4255.jpg,121,61,282,114,0.8394,meter_display,1
hefei_4256.jpg,62,52,248,88,0.8502,meter_display,1
hefei_4258.jpg,34,36,289,86,0.8840,meter_display,1
hefei_4260.jpg,103,100,270,130,0.8423,meter_display,1
hefei_4262.jpg,37,25,277,71,0.7794,meter_display,1
hefei_4263.jpg,114,92,265,121,0.8681,meter_display,1
hefei_4266.jpg,65,56,315,109,0.8702,meter_display,1
hefei_4267.jpg,36,7,290,54,0.8706,meter_display,1
hefei_4270.jpg,86,69,344,124,0.8982,meter_display,1
hefei_4271.jpg,35,41,290,92,0.8612,meter_display,1
hefei_4274.jpg,47,37,317,87,0.8726,meter_display,1
hefei_4275.jpg,91,120,281,155,0.8596,meter_display,1
hefei_4276.jpg,60,41,300,89,0.8157,meter_display,1
hefei_4279.jpg,71,74,219,101,0.8625,meter_display,1
hefei_4280.jpg,116,43,264,71,0.8650,meter_display,1
hefei_4282.jpg,27,33,280,79,0.8913,meter_display,1
hefei_4283.jpg,8,36,303,121,0.6833,meter_display,1
hefei_4284.jpg,56,38,338,92,0.8768,meter_display,1
hefei_4286.jpg,99,66,262,95,0.8341,meter_display,1
hefei_4287.jpg,111,43,271,76,0.8509,meter_display,1
hefei_4288.jpg,104,27,258,58,0.8265,meter_display,1
hefei_4290.jpg,39,56,292,103,0.8851,meter_display,1
hefei_4291.jpg,102,71,261,101,0.8619,meter_display,1
hefei_4292.jpg,120,55,246,79,0.8394,meter_display,1
hefei_4294.jpg,65,50,308,104,0.8440,meter_display,1
hefei_4299.jpg,44,84,292,131,0.8430,meter_display,2
hefei_4302.jpg,99,57,241,85,0.8419,meter_display,1
hefei_4304.jpg,37,1,282,36,0.7874,meter_display,1
hefei_4306.jpg,128,35,350,82,0.8054,meter_display,1
hefei_4310.jpg,47,43,310,92,0.8572,meter_display,1
hefei_4311.jpg,55,76,309,122,0.8887,meter_display,2
hefei_4312.jpg,82,53,350,101,0.8953,meter_display,1
hefei_4314.jpg,24,61,287,111,0.8761,meter_display,1
hefei_4315.jpg,71,49,336,100,0.9033,meter_display,1
hefei_4316.jpg,125,76,270,105,0.8566,meter_display,1
hefei_4318.jpg,65,27,309,73,0.8503,meter_display,1
hefei_4324.jpg,74,22,222,53,0.8667,meter_display,1
hefei_4328.jpg,33,41,278,82,0.8446,meter_display,1
hefei_4330.jpg,15,6,270,53,0.8571,meter_display,1
hefei_4332.jpg,44,47,318,96,0.9077,meter_display,1
hefei_4335.jpg,42,0,317,65,0.8073,meter_display,1
hefei_4338.jpg,107,107,351,153,0.8370,meter_display,1
hefei_4340.jpg,33,5,290,54,0.8258,meter_display,2
hefei_4342.jpg,75,10,322,54,0.8472,meter_display,1
hefei_4343.jpg,45,82,336,132,0.8353,meter_display,1
hefei_4344.jpg,112,60,265,91,0.8314,meter_display,1
hefei_4346.jpg,117,60,273,94,0.8404,meter_display,1
hefei_4347.jpg,88,44,341,92,0.8467,meter_display,1
hefei_4350.jpg,29,31,293,80,0.9113,meter_display,1
hefei_4351.jpg,64,9,310,55,0.8542,meter_display,1
hefei_4352.jpg,27,105,273,151,0.7987,meter_display,2
hefei_4354.jpg,107,49,276,85,0.8621,meter_display,1
hefei_4355.jpg,37,18,290,65,0.8688,meter_display,1
hefei_4359.jpg,20,13,279,60,0.8832,meter_display,2
hefei_4360.jpg,16,54,287,104,0.8837,meter_display,1
hefei_4362.jpg,64,46,332,96,0.9014,meter_display,1
hefei_4363.jpg,80,61,316,111,0.7976,meter_display,1
hefei_4366.jpg,7,18,268,64,0.8865,meter_display,1
hefei_4367.jpg,24,70,284,119,0.9081,meter_display,1
hefei_4368.jpg,48,13,298,59,0.8842,meter_display,1
hefei_4372.jpg,49,29,302,75,0.8900,meter_display,1
hefei_4374.jpg,84,42,360,95,0.8914,meter_display,1
hefei_4375.jpg,38,85,332,134,0.8373,meter_display,1
hefei_4378.jpg,56,43,334,94,0.8722,meter_display,1
hefei_4380.jpg,49,9,302,58,0.8861,meter_display,1
hefei_4382.jpg,78,41,312,84,0.8350,meter_display,1
hefei_4383.jpg,76,1,333,55,0.8262,meter_display,1
hefei_4384.jpg,26,55,302,107,0.8938,meter_display,1
hefei_4386.jpg,71,79,298,122,0.8267,meter_display,1
hefei_4387.jpg,113,51,279,85,0.8497,meter_display,1
hefei_4390.jpg,53,95,299,135,0.7904,meter_display,1
hefei_4391.jpg,30,36,293,87,0.9014,meter_display,1
hefei_4394.jpg,32,61,301,115,0.8806,meter_display,1
hefei_4395.jpg,88,23,339,71,0.8237,meter_display,1
hefei_4396.jpg,61,60,315,111,0.8687,meter_display,2
hefei_4398.jpg,68,16,324,60,0.8791,meter_display,1
hefei_4399.jpg,84,91,342,137,0.8767,meter_display,1
hefei_4400.jpg,45,61,324,112,0.8640,meter_display,1
hefei_4403.jpg,45,66,278,113,0.8438,meter_display,1
hefei_4404.jpg,46,30,294,78,0.8724,meter_display,1
hefei_4408.jpg,106,75,259,105,0.8601,meter_display,1
hefei_4413.jpg,77,109,310,154,0.8324,meter_display,1
hefei_4415.jpg,58,21,303,71,0.7963,meter_display,1
hefei_4416.jpg,59,14,300,60,0.8512,meter_display,1
hefei_4419.jpg,127,71,279,101,0.8732,meter_display,1
hefei_4420.jpg,24,97,296,151,0.9034,meter_display,1
hefei_4423.jpg,63,96,291,139,0.8366,meter_display,1
hefei_4427.jpg,44,47,311,97,0.9069,meter_display,1
hefei_4429.jpg,65,49,311,95,0.8715,meter_display,1
hefei_4431.jpg,47,58,301,107,0.8809,meter_display,1
hefei_4432.jpg,63,3,317,52,0.8288,meter_display,1
hefei_4433.jpg,111,47,270,80,0.8202,meter_display,1
hefei_4435.jpg,18,75,317,125,0.7612,meter_display,1
hefei_4437.jpg,62,86,321,139,0.8940,meter_display,1
hefei_4440.jpg,26,0,275,39,0.7756,meter_display,1
hefei_4441.jpg,102,67,260,100,0.8372,meter_display,1
hefei_4447.jpg,130,71,287,100,0.8340,meter_display,1
hefei_4451.jpg,51,16,307,62,0.8781,meter_display,1
hefei_4452.jpg,45,63,315,112,0.8716,meter_display,1
hefei_4453.jpg,74,95,309,140,0.8188,meter_display,1
hefei_4455.jpg,72,61,238,91,0.7265,meter_display,1
hefei_4457.jpg,36,31,293,80,0.8888,meter_display,1
hefei_4459.jpg,32,101,291,151,0.8731,meter_display,2
hefei_4464.jpg,23,54,290,103,0.9111,meter_display,1
hefei_4465.jpg,33,22,240,60,0.8495,meter_display,1
hefei_4468.jpg,48,89,302,138,0.8984,meter_display,3
hefei_4469.jpg,92,37,227,63,0.8408,meter_display,3
hefei_4471.jpg,71,24,325,71,0.8588,meter_display,1
hefei_4472.jpg,4,56,269,105,0.9072,meter_display,1
hefei_4473.jpg,67,63,338,113,0.8737,meter_display,1
hefei_4475.jpg,61,63,302,116,0.8400,meter_display,1
hefei_4476.jpg,154,68,321,100,0.8497,meter_display,1
hefei_4477.jpg,87,18,336,66,0.8523,meter_display,1
hefei_4479.jpg,29,19,289,68,0.8773,meter_display,1
hefei_4483.jpg,80,31,307,76,0.8066,meter_display,1
hefei_4484.jpg,80,27,352,80,0.9009,meter_display,1
hefei_4485.jpg,45,20,295,71,0.8208,meter_display,1
hefei_4488.jpg,5,79,256,130,0.8653,meter_display,3
hefei_4489.jpg,36,43,296,94,0.8728,meter_display,1
hefei_4491.jpg,42,91,291,140,0.8779,meter_display,2
hefei_4492.jpg,124,52,299,88,0.8413,meter_display,1
hefei_4493.jpg,40,19,287,67,0.8407,meter_display,2
hefei_4495.jpg,113,78,273,108,0.8191,meter_display,1
hefei_4496.jpg,93,71,283,109,0.8479,meter_display,1
hefei_4497.jpg,104,56,265,86,0.8517,meter_display,1
hefei_4501.jpg,,,,,,no_detection,0
hefei_4503.jpg,104,48,250,76,0.8410,meter_display,1
hefei_4504.jpg,64,41,311,91,0.8422,meter_display,1
hefei_4505.jpg,4,4,266,52,0.8572,meter_display,2
hefei_4508.jpg,73,52,244,85,0.8438,meter_display,1
hefei_4509.jpg,46,21,295,71,0.8169,meter_display,1
hefei_4513.jpg,42,53,297,100,0.8935,meter_display,1
hefei_4515.jpg,47,28,292,74,0.8779,meter_display,1
hefei_4516.jpg,96,90,242,119,0.8279,meter_display,1
hefei_4524.jpg,26,67,259,111,0.8012,meter_display,2
hefei_4528.jpg,31,90,288,139,0.8953,meter_display,2
hefei_4529.jpg,47,22,289,65,0.8264,meter_display,1
hefei_3188.jpg,46,64,298,112,0.8460,meter_display,1
hefei_3190.jpg,66,50,318,99,0.8870,meter_display,1
hefei_3191.jpg,23,82,308,136,0.8726,meter_display,1
hefei_3192.jpg,52,47,290,92,0.8454,meter_display,1
hefei_3194.jpg,104,63,256,92,0.8623,meter_display,1
hefei_3195.jpg,58,43,312,92,0.8341,meter_display,1
hefei_3196.jpg,124,58,273,88,0.8016,meter_display,1
hefei_3198.jpg,54,41,319,95,0.8531,meter_display,1
hefei_3199.jpg,14,33,275,105,0.8558,meter_display,1
hefei_3200.jpg,105,69,316,118,0.7676,meter_display,2
hefei_3203.jpg,109,51,269,84,0.8830,meter_display,1
hefei_3204.jpg,125,31,280,66,0.8427,meter_display,1
hefei_3205.jpg,29,87,278,134,0.8831,meter_display,1
hefei_3208.jpg,34,21,291,70,0.8599,meter_display,1
hefei_3209.jpg,134,8,290,40,0.7692,meter_display,1
hefei_3210.jpg,65,30,299,74,0.8672,meter_display,1
hefei_3212.jpg,91,94,326,139,0.8260,meter_display,1
hefei_3213.jpg,72,34,337,93,0.8624,meter_display,1
hefei_3214.jpg,28,80,293,130,0.8916,meter_display,1
hefei_3216.jpg,52,40,300,89,0.8267,meter_display,1
hefei_3217.jpg,12,39,266,82,0.8755,meter_display,1
hefei_3218.jpg,70,67,318,113,0.8728,meter_display,1
hefei_3220.jpg,45,44,308,92,0.8790,meter_display,1
hefei_3221.jpg,103,77,261,106,0.8144,meter_display,1
hefei_3222.jpg,93,0,316,34,0.7089,meter_display,1
hefei_3224.jpg,23,10,278,57,0.8839,meter_display,1
hefei_3225.jpg,50,19,303,67,0.8670,meter_display,1
hefei_3226.jpg,53,103,317,153,0.8703,meter_display,1
hefei_3228.jpg,64,66,327,118,0.9020,meter_display,1
hefei_3229.jpg,85,58,359,112,0.8663,meter_display,1
hefei_3230.jpg,86,0,327,41,0.6584,meter_display,1
hefei_3232.jpg,69,68,353,118,0.8822,meter_display,1
hefei_3233.jpg,45,53,316,102,0.9116,meter_display,1
hefei_3234.jpg,91,3,226,67,0.6971,meter_display,1
hefei_3236.jpg,70,29,338,82,0.9091,meter_display,1
hefei_3237.jpg,65,53,319,101,0.8916,meter_display,1
hefei_3238.jpg,27,87,299,139,0.9019,meter_display,2
hefei_3240.jpg,80,119,350,172,0.8623,meter_display,1
hefei_3241.jpg,131,27,361,80,0.8331,meter_display,1
hefei_3242.jpg,39,28,296,77,0.8945,meter_display,1
hefei_3244.jpg,37,46,296,95,0.8834,meter_display,1
hefei_3245.jpg,35,0,311,35,0.8125,meter_display,2
hefei_3246.jpg,46,80,312,132,0.8682,meter_display,1
hefei_3248.jpg,34,101,294,151,0.8648,meter_display,2
hefei_3249.jpg,101,72,274,107,0.8520,meter_display,1
hefei_3250.jpg,45,87,312,139,0.9031,meter_display,2
hefei_3252.jpg,50,12,311,60,0.8974,meter_display,1
hefei_3253.jpg,48,88,318,140,0.8884,meter_display,1
hefei_3254.jpg,40,135,267,174,0.7759,meter_display,1
hefei_3256.jpg,107,103,371,151,0.8282,meter_display,2
hefei_3257.jpg,47,88,314,138,0.9042,meter_display,2
hefei_3258.jpg,49,85,316,135,0.8741,meter_display,2
hefei_3260.jpg,62,13,299,57,0.8524,meter_display,1
hefei_3261.jpg,104,80,385,133,0.8862,meter_display,2
hefei_3262.jpg,15,108,288,160,0.9037,meter_display,1
hefei_3264.jpg,40,52,297,102,0.9035,meter_display,1
hefei_3265.jpg,31,114,311,167,0.9009,meter_display,1
hefei_3266.jpg,35,8,271,51,0.7731,meter_display,1
hefei_3268.jpg,69,0,313,39,0.7826,meter_display,1
hefei_3269.jpg,45,52,305,101,0.9066,meter_display,1
hefei_3270.jpg,64,99,320,151,0.8604,meter_display,1
hefei_3272.jpg,49,105,309,153,0.8843,meter_display,1
hefei_3273.jpg,62,53,329,112,0.9005,meter_display,1
hefei_3274.jpg,47,66,309,114,0.8911,meter_display,1
hefei_3276.jpg,27,103,292,152,0.8809,meter_display,1
hefei_3277.jpg,69,69,319,117,0.8809,meter_display,1
hefei_3278.jpg,165,66,304,95,0.8374,meter_display,2
hefei_3280.jpg,74,82,241,115,0.8622,meter_display,1
hefei_3281.jpg,67,87,332,136,0.9055,meter_display,2
hefei_3282.jpg,93,76,330,128,0.8154,meter_display,1
hefei_3284.jpg,91,188,353,239,0.8768,meter_display,1
hefei_3285.jpg,31,90,299,141,0.9032,meter_display,1
hefei_3288.jpg,190,48,302,114,0.2844,meter_display,1
hefei_3289.jpg,59,64,309,114,0.8647,meter_display,1
hefei_3290.jpg,55,47,312,100,0.8844,meter_display,1
hefei_3292.jpg,10,8,255,51,0.8185,meter_display,1
hefei_3293.jpg,85,63,252,95,0.8541,meter_display,1
hefei_3294.jpg,50,65,300,111,0.8238,meter_display,1
hefei_3296.jpg,36,8,282,55,0.8661,meter_display,1
hefei_3297.jpg,102,78,261,109,0.8420,meter_display,1
hefei_3298.jpg,19,70,234,109,0.7488,meter_display,2
hefei_3300.jpg,47,59,309,110,0.8821,meter_display,1
hefei_3301.jpg,47,88,301,136,0.8932,meter_display,1
hefei_3302.jpg,9,40,278,92,0.8866,meter_display,1
hefei_3304.jpg,92,70,359,124,0.8617,meter_display,1
hefei_3305.jpg,21,0,281,40,0.8151,meter_display,1
hefei_3306.jpg,48,74,309,122,0.8999,meter_display,1
hefei_3308.jpg,63,96,322,147,0.9003,meter_display,2
hefei_3309.jpg,49,18,312,71,0.8783,meter_display,1
hefei_3310.jpg,39,23,292,71,0.8241,meter_display,1
hefei_3312.jpg,46,50,303,99,0.9102,meter_display,1
hefei_3313.jpg,113,61,275,91,0.8436,meter_display,1
hefei_3314.jpg,39,88,307,141,0.8814,meter_display,1
hefei_3316.jpg,93,38,267,71,0.8257,meter_display,2
hefei_3317.jpg,31,93,293,143,0.8970,meter_display,2
hefei_3318.jpg,61,57,306,103,0.8744,meter_display,1
hefei_3320.jpg,8,12,242,55,0.8452,meter_display,2
hefei_3321.jpg,37,4,293,52,0.8434,meter_display,1
hefei_3322.jpg,29,93,302,147,0.9001,meter_display,2
hefei_3324.jpg,61,26,327,79,0.9019,meter_display,1
hefei_3325.jpg,69,52,315,99,0.8833,meter_display,1
hefei_3326.jpg,73,31,334,80,0.8925,meter_display,1
hefei_3328.jpg,68,65,320,113,0.8761,meter_display,1
hefei_3329.jpg,48,84,316,136,0.8977,meter_display,2
hefei_3330.jpg,50,90,313,140,0.9002,meter_display,1
hefei_3332.jpg,94,71,262,105,0.8638,meter_display,1
hefei_3333.jpg,22,103,290,153,0.8684,meter_display,1
hefei_3334.jpg,27,90,298,143,0.9131,meter_display,2
hefei_3336.jpg,32,105,300,157,0.8734,meter_display,1
hefei_3337.jpg,65,40,307,91,0.7965,meter_display,1
hefei_3338.jpg,56,90,338,138,0.9110,meter_display,2
hefei_3340.jpg,37,100,303,153,0.8364,meter_display,1
hefei_3341.jpg,110,86,264,115,0.8534,meter_display,1
hefei_3342.jpg,36,59,321,112,0.8547,meter_display,1
hefei_3344.jpg,41,21,294,72,0.8316,meter_display,1
hefei_3345.jpg,85,38,257,74,0.8496,meter_display,1
hefei_3346.jpg,40,62,295,111,0.8621,meter_display,1
hefei_3348.jpg,25,57,289,107,0.9161,meter_display,1
hefei_3349.jpg,101,50,329,99,0.8487,meter_display,1
hefei_3350.jpg,72,80,312,121,0.8375,meter_display,2
hefei_3352.jpg,48,56,312,106,0.9000,meter_display,1
hefei_3353.jpg,27,3,289,51,0.8368,meter_display,2
hefei_3354.jpg,93,40,294,74,0.8316,meter_display,1
hefei_3356.jpg,60,29,276,66,0.7081,meter_display,1
hefei_3357.jpg,1,111,276,166,0.9063,meter_display,1
hefei_3358.jpg,25,92,289,141,0.9129,meter_display,3
hefei_3360.jpg,123,65,261,110,0.8174,meter_display,2
hefei_3361.jpg,48,18,299,64,0.8698,meter_display,1
hefei_3362.jpg,25,70,281,119,0.8940,meter_display,1
hefei_3364.jpg,90,76,250,105,0.8342,meter_display,1
hefei_3365.jpg,67,17,331,67,0.8879,meter_display,1
hefei_3366.jpg,66,0,330,36,0.6786,meter_display,1
hefei_3368.jpg,44,88,314,139,0.8956,meter_display,1
hefei_3369.jpg,49,23,303,71,0.8388,meter_display,1
hefei_3370.jpg,93,62,254,95,0.8601,meter_display,1
hefei_3372.jpg,53,31,317,81,0.8844,meter_display,1
hefei_3373.jpg,40,37,278,80,0.8290,meter_display,1
hefei_3374.jpg,32,81,295,131,0.8602,meter_display,2
hefei_3376.jpg,62,1,310,42,0.7894,meter_display,1
hefei_3377.jpg,49,88,320,140,0.9116,meter_display,1
hefei_3378.jpg,29,25,292,73,0.8839,meter_display,1
hefei_3380.jpg,47,45,324,95,0.8896,meter_display,1
hefei_3381.jpg,81,122,344,172,0.8347,meter_display,1
hefei_3382.jpg,7,90,270,140,0.8995,meter_display,1
hefei_3384.jpg,56,63,298,114,0.8275,meter_display,1
hefei_3385.jpg,60,60,300,110,0.8289,meter_display,1
hefei_3386.jpg,47,65,306,113,0.8854,meter_display,1
hefei_3388.jpg,124,40,374,91,0.8228,meter_display,1
hefei_3389.jpg,62,78,311,122,0.8783,meter_display,1
hefei_3390.jpg,76,81,335,135,0.8642,meter_display,1
hefei_3393.jpg,77,31,306,82,0.8263,meter_display,1
hefei_3394.jpg,43,88,308,139,0.9093,meter_display,2
hefei_3395.jpg,53,24,311,73,0.8719,meter_display,1
hefei_3397.jpg,84,36,242,69,0.8488,meter_display,1
hefei_3398.jpg,147,16,359,54,0.8553,meter_display,1
hefei_3399.jpg,112,125,256,152,0.8512,meter_display,1
hefei_3401.jpg,57,90,322,140,0.8925,meter_display,2
hefei_3402.jpg,42,1,290,49,0.7716,meter_display,2
hefei_3403.jpg,37,102,302,153,0.8621,meter_display,2
hefei_3406.jpg,47,90,317,143,0.9020,meter_display,1
hefei_3407.jpg,32,89,291,137,0.8978,meter_display,1
hefei_3408.jpg,102,61,249,89,0.8407,meter_display,1
hefei_3410.jpg,98,2,339,53,0.7635,meter_display,2
hefei_3411.jpg,107,51,276,85,0.8470,meter_display,1
hefei_3412.jpg,28,82,295,133,0.8726,meter_display,1
hefei_3414.jpg,21,36,297,93,0.9084,meter_display,1
hefei_3415.jpg,87,25,333,73,0.8515,meter_display,1
hefei_3416.jpg,63,84,327,134,0.8793,meter_display,3
hefei_3418.jpg,3,75,255,130,0.8428,meter_display,1
hefei_3419.jpg,74,28,307,74,0.8457,meter_display,1
hefei_3420.jpg,23,81,289,133,0.8577,meter_display,1
hefei_3422.jpg,10,8,269,53,0.8843,meter_display,2
hefei_3423.jpg,77,90,337,141,0.9010,meter_display,2
hefei_3424.jpg,59,72,311,120,0.8905,meter_display,1
hefei_3426.jpg,114,13,336,54,0.8383,meter_display,1
hefei_3427.jpg,,,,,,no_detection,0
hefei_3428.jpg,115,51,270,81,0.8258,meter_display,1
hefei_3430.jpg,29,117,308,171,0.8913,meter_display,1
hefei_3431.jpg,76,68,309,113,0.8329,meter_display,1
hefei_3432.jpg,27,97,290,146,0.9023,meter_display,2
hefei_3434.jpg,45,10,292,58,0.8626,meter_display,1
hefei_3435.jpg,91,70,250,101,0.8437,meter_display,1
hefei_3436.jpg,35,85,301,136,0.8845,meter_display,1
hefei_3438.jpg,62,12,339,66,0.9094,meter_display,1
hefei_3439.jpg,70,83,329,132,0.8520,meter_display,1
hefei_3440.jpg,40,86,301,138,0.8714,meter_display,1
hefei_3442.jpg,42,90,308,142,0.9051,meter_display,2
hefei_3443.jpg,43,69,301,119,0.8985,meter_display,1
hefei_3444.jpg,74,82,315,131,0.7940,meter_display,1
hefei_3446.jpg,65,61,308,111,0.8409,meter_display,1
hefei_3447.jpg,112,58,259,86,0.8392,meter_display,1
hefei_3448.jpg,65,47,311,93,0.8698,meter_display,1
hefei_3450.jpg,49,68,298,114,0.8804,meter_display,1
hefei_3451.jpg,60,1,310,41,0.8170,meter_display,2
hefei_3452.jpg,27,26,289,74,0.8992,meter_display,1
hefei_3454.jpg,51,70,300,118,0.8914,meter_display,1
hefei_3455.jpg,71,6,329,54,0.8832,meter_display,1
hefei_3456.jpg,63,98,328,151,0.8822,meter_display,1
hefei_3458.jpg,64,59,320,111,0.8732,meter_display,1
hefei_3459.jpg,43,43,299,92,0.8512,meter_display,1
hefei_3460.jpg,45,81,305,131,0.8699,meter_display,1
hefei_3462.jpg,129,125,269,150,0.8370,meter_display,1
hefei_3463.jpg,59,58,337,113,0.8409,meter_display,1
hefei_3464.jpg,47,7,289,51,0.8021,meter_display,1
hefei_3466.jpg,49,36,311,86,0.8856,meter_display,1
hefei_3467.jpg,132,24,372,72,0.8211,meter_display,1
hefei_3468.jpg,45,70,311,121,0.9198,meter_display,2
hefei_3470.jpg,45,96,309,151,0.9019,meter_display,1
hefei_3471.jpg,60,1,298,51,0.7790,meter_display,1
hefei_3472.jpg,67,87,288,132,0.8039,meter_display,4
hefei_3474.jpg,50,10,306,58,0.8949,meter_display,1
hefei_3475.jpg,50,42,321,95,0.8966,meter_display,1
hefei_3476.jpg,50,65,300,113,0.8812,meter_display,1
hefei_3478.jpg,91,50,252,83,0.8773,meter_display,1
hefei_3479.jpg,48,96,309,147,0.8944,meter_display,2
hefei_3480.jpg,48,82,318,134,0.8782,meter_display,2
hefei_3482.jpg,27,86,298,138,0.9126,meter_display,1
hefei_3483.jpg,47,63,296,113,0.8111,meter_display,1
hefei_3484.jpg,82,90,322,146,0.8262,meter_display,1
hefei_3486.jpg,44,101,309,151,0.8503,meter_display,1
hefei_3487.jpg,79,112,342,172,0.8466,meter_display,1
hefei_3488.jpg,68,51,334,100,0.9075,meter_display,1
hefei_3490.jpg,49,27,281,68,0.7537,meter_display,1
hefei_3491.jpg,69,60,335,111,0.8585,meter_display,1
hefei_3492.jpg,121,118,269,145,0.8324,meter_display,1
hefei_3495.jpg,82,97,352,151,0.8942,meter_display,1
hefei_3496.jpg,56,68,285,111,0.7852,meter_display,1
hefei_3497.jpg,46,60,303,111,0.8759,meter_display,1
hefei_3499.jpg,46,85,310,134,0.8979,meter_display,2
hefei_3500.jpg,38,36,294,81,0.8670,meter_display,1
hefei_3501.jpg,9,126,277,175,0.8909,meter_display,1
hefei_3503.jpg,109,59,264,87,0.8401,meter_display,1
hefei_3504.jpg,45,104,314,155,0.8858,meter_display,1
hefei_3505.jpg,0,26,187,66,0.8454,meter_display,1
hefei_3507.jpg,88,51,255,85,0.8571,meter_display,1
hefei_3508.jpg,93,77,264,109,0.8298,meter_display,1
hefei_3509.jpg,14,21,270,69,0.8634,meter_display,1
hefei_3511.jpg,97,42,324,87,0.8015,meter_display,1
hefei_3512.jpg,30,87,302,138,0.8917,meter_display,2
hefei_3513.jpg,45,24,301,75,0.8676,meter_display,1
hefei_3515.jpg,56,127,293,172,0.8307,meter_display,1
hefei_3516.jpg,57,45,312,94,0.8657,meter_display,1
hefei_3517.jpg,60,10,329,60,0.9017,meter_display,1
hefei_3519.jpg,40,91,308,141,0.9052,meter_display,3
hefei_3520.jpg,62,16,325,69,0.8903,meter_display,1
hefei_3521.jpg,10,12,269,56,0.8678,meter_display,2
hefei_3523.jpg,60,89,330,141,0.9198,meter_display,1
hefei_3524.jpg,59,4,294,44,0.7838,meter_display,1
hefei_3525.jpg,51,7,309,53,0.8746,meter_display,1
hefei_3527.jpg,71,36,319,91,0.8485,meter_display,1
hefei_3528.jpg,3,41,249,92,0.8493,meter_display,1
hefei_3529.jpg,65,109,312,155,0.8552,meter_display,1
hefei_3531.jpg,41,68,331,125,0.8823,meter_display,1
hefei_3532.jpg,52,102,316,153,0.8605,meter_display,1
hefei_3533.jpg,38,1,290,41,0.7912,meter_display,2
hefei_3535.jpg,20,96,291,146,0.9080,meter_display,1
hefei_3536.jpg,54,0,315,35,0.7303,meter_display,1
hefei_3537.jpg,45,101,318,153,0.8753,meter_display,1
hefei_3539.jpg,4,87,266,139,0.9135,meter_display,2
hefei_3540.jpg,58,94,324,146,0.8894,meter_display,1
hefei_3541.jpg,63,34,325,82,0.8507,meter_display,1
hefei_3543.jpg,40,105,308,156,0.8721,meter_display,1
hefei_3544.jpg,31,113,303,167,0.8989,meter_display,1
hefei_3545.jpg,66,33,329,80,0.9038,meter_display,1
hefei_3547.jpg,45,101,290,139,0.8228,meter_display,1
hefei_3548.jpg,31,2,269,45,0.7878,meter_display,1
hefei_3549.jpg,58,38,328,92,0.8577,meter_display,1
hefei_3551.jpg,38,11,291,57,0.8847,meter_display,2
hefei_3552.jpg,36,70,296,120,0.8991,meter_display,1
hefei_3553.jpg,63,53,322,103,0.9024,meter_display,1
hefei_3555.jpg,123,78,278,105,0.8125,meter_display,2
hefei_3556.jpg,78,80,340,132,0.8509,meter_display,1
hefei_3557.jpg,66,9,309,54,0.8485,meter_display,2
hefei_3559.jpg,47,10,299,60,0.8747,meter_display,1
hefei_3560.jpg,80,23,312,62,0.7995,meter_display,2
hefei_3561.jpg,43,90,310,141,0.9123,meter_display,3
hefei_3563.jpg,23,23,290,72,0.8706,meter_display,1
hefei_3564.jpg,44,88,312,140,0.9161,meter_display,2
hefei_3565.jpg,45,90,299,138,0.8941,meter_display,1
hefei_3567.jpg,49,32,300,80,0.8939,meter_display,1
hefei_3568.jpg,66,35,298,82,0.8029,meter_display,1
hefei_3569.jpg,43,103,310,153,0.8677,meter_display,1
hefei_3571.jpg,48,49,300,98,0.8993,meter_display,1
hefei_3572.jpg,43,77,340,133,0.8348,meter_display,1
hefei_3573.jpg,83,58,345,111,0.8454,meter_display,1
hefei_3575.jpg,27,82,287,131,0.8280,meter_display,1
hefei_3576.jpg,51,40,315,92,0.8743,meter_display,1
hefei_3577.jpg,56,79,325,132,0.8520,meter_display,1
hefei_3579.jpg,46,86,313,137,0.8950,meter_display,1
hefei_3580.jpg,49,49,301,98,0.8990,meter_display,1
hefei_3581.jpg,41,94,314,148,0.9104,meter_display,1
hefei_3583.jpg,96,39,261,93,0.8702,meter_display,1
hefei_3584.jpg,87,36,250,72,0.8233,meter_display,1
hefei_3585.jpg,44,10,313,60,0.9029,meter_display,1
hefei_3587.jpg,63,90,329,142,0.9110,meter_display,1
hefei_3588.jpg,46,85,311,134,0.9029,meter_display,2
hefei_3589.jpg,46,96,311,146,0.9094,meter_display,1
hefei_3591.jpg,51,20,310,71,0.8467,meter_display,1
hefei_3592.jpg,45,53,286,100,0.8620,meter_display,2
hefei_3593.jpg,67,76,320,127,0.8254,meter_display,1
hefei_3595.jpg,64,29,311,78,0.8815,meter_display,1
hefei_3596.jpg,134,72,289,101,0.8588,meter_display,1
hefei_3597.jpg,27,85,291,133,0.8958,meter_display,2
hefei_3599.jpg,88,43,302,95,0.7758,meter_display,1
hefei_3600.jpg,69,7,322,57,0.8638,meter_display,1
hefei_3601.jpg,46,40,309,92,0.8758,meter_display,1
hefei_3603.jpg,0,94,277,148,0.9142,meter_display,1
hefei_3604.jpg,51,81,296,130,0.8511,meter_display,1
hefei_3605.jpg,18,40,307,94,0.8769,meter_display,1
hefei_3607.jpg,113,50,276,81,0.8392,meter_display,2
hefei_3608.jpg,28,96,290,144,0.9014,meter_display,1
hefei_3609.jpg,42,104,309,153,0.8747,meter_display,1
hefei_3612.jpg,101,48,274,81,0.8389,meter_display,1
hefei_3613.jpg,25,73,321,131,0.8820,meter_display,1
hefei_3615.jpg,22,89,290,138,0.9161,meter_display,1
hefei_3616.jpg,96,0,343,33,0.7725,meter_display,2
hefei_3617.jpg,66,72,333,119,0.8781,meter_display,1
hefei_3619.jpg,34,86,293,134,0.8895,meter_display,1
hefei_3620.jpg,71,81,226,111,0.8600,meter_display,1
hefei_3621.jpg,100,22,334,63,0.7868,meter_display,1
hefei_3623.jpg,24,60,280,111,0.8827,meter_display,1
hefei_3624.jpg,33,104,310,154,0.8569,meter_display,1
hefei_3625.jpg,53,62,312,112,0.8467,meter_display,1
hefei_3627.jpg,46,49,309,99,0.9153,meter_display,1
hefei_3628.jpg,62,94,320,146,0.8744,meter_display,1
hefei_3629.jpg,45,37,299,86,0.8751,meter_display,1
hefei_3631.jpg,53,81,317,132,0.8633,meter_display,1
hefei_3632.jpg,19,100,293,152,0.8748,meter_display,1
hefei_3633.jpg,42,68,312,119,0.9114,meter_display,1
hefei_3635.jpg,38,102,309,152,0.8359,meter_display,2
hefei_3636.jpg,25,23,288,74,0.8703,meter_display,1
hefei_3637.jpg,46,67,309,118,0.8956,meter_display,1
hefei_3639.jpg,56,37,309,84,0.8774,meter_display,1
hefei_3640.jpg,119,56,284,86,0.8197,meter_display,1
hefei_3641.jpg,66,5,321,55,0.8680,meter_display,1
hefei_3643.jpg,116,32,266,63,0.8506,meter_display,1
hefei_3644.jpg,105,69,321,111,0.7117,meter_display,1
hefei_3645.jpg,56,46,316,96,0.8859,meter_display,2
hefei_3647.jpg,84,17,348,68,0.8858,meter_display,1
hefei_3648.jpg,68,52,302,97,0.8420,meter_display,1
hefei_3649.jpg,45,78,297,126,0.8887,meter_display,1
hefei_3651.jpg,63,89,306,136,0.8653,meter_display,1
hefei_3652.jpg,96,72,367,118,0.8890,meter_display,1
hefei_3653.jpg,47,100,321,152,0.8948,meter_display,2
hefei_3655.jpg,113,42,270,118,0.5526,meter_display,2
hefei_3656.jpg,79,20,316,66,0.8180,meter_display,1
hefei_3657.jpg,63,69,290,111,0.7633,meter_display,1
hefei_3659.jpg,41,99,306,151,0.8610,meter_display,2
hefei_3660.jpg,80,12,333,61,0.8696,meter_display,2
hefei_3661.jpg,37,89,302,143,0.9075,meter_display,2
hefei_3663.jpg,64,46,323,95,0.8967,meter_display,1
hefei_3664.jpg,68,57,342,112,0.8738,meter_display,1
hefei_3665.jpg,80,43,321,92,0.7899,meter_display,3
hefei_3667.jpg,49,46,311,96,0.9008,meter_display,1
hefei_3668.jpg,32,84,294,133,0.8807,meter_display,2
hefei_3669.jpg,63,20,319,71,0.8502,meter_display,1
hefei_3671.jpg,53,37,311,79,0.8336,meter_display,2
hefei_3672.jpg,53,48,314,97,0.9008,meter_display,1
hefei_3673.jpg,82,37,242,69,0.8447,meter_display,1
hefei_3675.jpg,57,7,292,51,0.7870,meter_display,1
hefei_3676.jpg,4,98,282,152,0.8985,meter_display,1
hefei_3677.jpg,24,69,287,119,0.9101,meter_display,1
hefei_3679.jpg,61,17,317,62,0.8671,meter_display,2
hefei_3680.jpg,105,48,269,79,0.8552,meter_display,1
hefei_3681.jpg,113,51,275,84,0.8648,meter_display,1
hefei_3683.jpg,82,71,236,100,0.8489,meter_display,1
hefei_3684.jpg,38,70,324,131,0.8988,meter_display,1
hefei_3685.jpg,48,67,327,115,0.8761,meter_display,1
hefei_3687.jpg,58,98,321,151,0.8898,meter_display,2
hefei_3688.jpg,55,100,323,153,0.8574,meter_display,1
hefei_3689.jpg,45,90,309,142,0.9190,meter_display,1
hefei_3691.jpg,46,85,311,137,0.8854,meter_display,2
hefei_3692.jpg,24,63,289,112,0.8701,meter_display,1
hefei_3693.jpg,46,85,304,133,0.8825,meter_display,2
hefei_3695.jpg,58,86,316,137,0.8591,meter_display,2
hefei_3696.jpg,24,41,272,91,0.8298,meter_display,1
hefei_3697.jpg,78,9,303,56,0.8250,meter_display,1
hefei_3699.jpg,71,33,316,91,0.8655,meter_display,1
hefei_3700.jpg,100,90,327,137,0.8198,meter_display,1
hefei_3701.jpg,58,61,330,111,0.8267,meter_display,1
hefei_3703.jpg,38,98,302,151,0.8870,meter_display,1
hefei_3704.jpg,39,49,255,91,0.7580,meter_display,1
hefei_3705.jpg,65,47,327,100,0.9050,meter_display,1
hefei_3707.jpg,69,61,317,111,0.8587,meter_display,1
hefei_3708.jpg,34,93,293,142,0.8979,meter_display,2
hefei_3709.jpg,61,35,340,86,0.8897,meter_display,1
hefei_3711.jpg,55,100,317,151,0.8781,meter_display,1
hefei_3712.jpg,71,116,308,160,0.8333,meter_display,1
hefei_3713.jpg,40,38,292,87,0.8908,meter_display,1
hefei_3715.jpg,73,34,335,91,0.8733,meter_display,1
hefei_3716.jpg,37,81,296,131,0.8637,meter_display,1
hefei_3717.jpg,90,43,321,93,0.7805,meter_display,1
hefei_3719.jpg,48,48,308,97,0.8970,meter_display,1
hefei_3720.jpg,47,24,296,72,0.8373,meter_display,1
hefei_3721.jpg,52,37,315,89,0.8956,meter_display,1
hefei_3723.jpg,52,88,319,139,0.8913,meter_display,2
hefei_3724.jpg,91,16,249,50,0.8107,meter_display,1
hefei_3725.jpg,45,50,310,100,0.9144,meter_display,1
hefei_3727.jpg,84,82,348,133,0.8635,meter_display,1
hefei_3728.jpg,4,47,263,100,0.9020,meter_display,1
hefei_3729.jpg,47,101,297,151,0.8397,meter_display,3
hefei_3731.jpg,18,89,290,141,0.9179,meter_display,1
hefei_3732.jpg,38,96,310,151,0.8923,meter_display,1
hefei_3733.jpg,45,90,309,141,0.9164,meter_display,2
hefei_3735.jpg,37,1,287,36,0.7957,meter_display,2
hefei_3736.jpg,55,15,291,61,0.8305,meter_display,1
hefei_3737.jpg,47,37,328,93,0.8657,meter_display,1
hefei_3739.jpg,41,33,302,83,0.9081,meter_display,1
hefei_3740.jpg,53,20,279,68,0.8280,meter_display,1
hefei_3741.jpg,60,0,316,47,0.7199,meter_display,1
hefei_3743.jpg,47,92,317,147,0.9103,meter_display,1
hefei_3744.jpg,50,99,309,150,0.8895,meter_display,2
hefei_3745.jpg,54,57,309,101,0.8882,meter_display,1
hefei_3747.jpg,49,82,336,137,0.8783,meter_display,1
hefei_3748.jpg,38,10,289,53,0.8624,meter_display,1
hefei_3749.jpg,52,83,316,133,0.8722,meter_display,2
hefei_3751.jpg,55,84,319,136,0.8724,meter_display,1
hefei_3752.jpg,60,21,320,77,0.8333,meter_display,1
hefei_3753.jpg,25,89,293,141,0.9160,meter_display,2
hefei_3755.jpg,51,117,289,161,0.8382,meter_display,1
hefei_3756.jpg,47,98,301,150,0.8797,meter_display,3
hefei_3757.jpg,98,15,262,63,0.8317,meter_display,3
hefei_3759.jpg,75,9,335,53,0.8152,meter_display,1
hefei_3760.jpg,128,32,339,70,0.7851,meter_display,1
hefei_3761.jpg,75,9,307,56,0.8076,meter_display,1
hefei_3763.jpg,28,55,282,106,0.8978,meter_display,1
hefei_3764.jpg,8,56,268,101,0.8961,meter_display,1
hefei_3765.jpg,45,51,309,100,0.9113,meter_display,1
hefei_3767.jpg,57,10,304,54,0.8738,meter_display,1
hefei_3768.jpg,68,55,306,101,0.8615,meter_display,1
hefei_3769.jpg,1,19,269,70,0.8538,meter_display,1
hefei_3771.jpg,18,91,284,140,0.8956,meter_display,1
hefei_3772.jpg,35,50,297,100,0.9036,meter_display,1
hefei_3773.jpg,73,75,341,134,0.8793,meter_display,1
hefei_3775.jpg,33,32,290,80,0.8942,meter_display,1
hefei_3776.jpg,28,1,277,47,0.8042,meter_display,1
hefei_3777.jpg,84,0,307,36,0.8144,meter_display,2
hefei_3779.jpg,26,90,302,147,0.9138,meter_display,1
hefei_3780.jpg,102,46,274,80,0.8464,meter_display,1
hefei_3781.jpg,52,80,297,126,0.8700,meter_display,1
hefei_3783.jpg,44,18,300,67,0.8686,meter_display,1
hefei_3784.jpg,67,28,326,76,0.9026,meter_display,1
hefei_3785.jpg,30,30,288,79,0.9027,meter_display,1
hefei_3787.jpg,61,26,312,74,0.8713,meter_display,1
hefei_3788.jpg,45,28,296,75,0.8856,meter_display,1
hefei_3789.jpg,53,71,275,112,0.8322,meter_display,1
hefei_3791.jpg,42,9,307,69,0.8985,meter_display,1
hefei_3792.jpg,32,106,286,154,0.8764,meter_display,1
hefei_3793.jpg,46,44,299,94,0.8622,meter_display,1
hefei_3795.jpg,60,23,330,73,0.8714,meter_display,1
hefei_3796.jpg,36,88,267,131,0.8041,meter_display,2
hefei_3797.jpg,55,85,314,134,0.8635,meter_display,1
hefei_3799.jpg,32,101,291,151,0.8723,meter_display,1
hefei_3800.jpg,3,9,257,59,0.8839,meter_display,1
hefei_3801.jpg,37,9,282,55,0.8709,meter_display,1
hefei_3803.jpg,61,41,305,86,0.8437,meter_display,1
hefei_3804.jpg,23,94,295,148,0.9080,meter_display,1
hefei_3805.jpg,42,92,311,147,0.9110,meter_display,1
hefei_3808.jpg,20,90,295,142,0.9093,meter_display,2
hefei_3811.jpg,69,28,232,77,0.8448,meter_display,2
hefei_3812.jpg,55,52,310,104,0.9070,meter_display,1
hefei_3813.jpg,22,88,299,139,0.9135,meter_display,1
hefei_3816.jpg,68,45,301,95,0.8278,meter_display,1
hefei_3817.jpg,76,86,341,143,0.8935,meter_display,1
hefei_3819.jpg,48,80,295,129,0.8660,meter_display,1
hefei_3820.jpg,100,28,261,80,0.8428,meter_display,1
hefei_3821.jpg,38,90,294,141,0.8942,meter_display,2
hefei_3823.jpg,64,18,317,66,0.8705,meter_display,1
hefei_3824.jpg,5,61,267,111,0.8827,meter_display,1
hefei_3827.jpg,45,40,295,91,0.8674,meter_display,2
hefei_3828.jpg,98,34,334,80,0.8316,meter_display,1
hefei_3829.jpg,54,66,311,114,0.8858,meter_display,1
hefei_3831.jpg,36,3,289,52,0.8196,meter_display,2
hefei_3832.jpg,48,46,301,94,0.8911,meter_display,1
hefei_3833.jpg,94,28,325,76,0.8013,meter_display,2
hefei_3836.jpg,45,65,301,112,0.8664,meter_display,1
hefei_3837.jpg,88,42,295,79,0.8108,meter_display,1
hefei_3838.jpg,122,132,251,155,0.8034,meter_display,1
hefei_3840.jpg,50,78,294,121,0.8589,meter_display,2
hefei_3842.jpg,103,60,268,91,0.8423,meter_display,1
hefei_3844.jpg,44,33,253,72,0.7857,meter_display,1
hefei_3845.jpg,54,100,317,151,0.8774,meter_display,2
hefei_3846.jpg,79,55,309,129,0.7555,meter_display,2
hefei_3849.jpg,55,87,312,137,0.8725,meter_display,2
hefei_3850.jpg,110,63,318,101,0.8664,meter_display,1
hefei_3852.jpg,43,56,301,108,0.8898,meter_display,1
hefei_3853.jpg,102,19,322,58,0.8177,meter_display,1
hefei_3854.jpg,57,18,298,61,0.8370,meter_display,1
hefei_3857.jpg,63,12,311,58,0.8403,meter_display,1
hefei_3858.jpg,46,51,278,113,0.6852,meter_display,1
hefei_3860.jpg,40,97,294,147,0.8942,meter_display,2
hefei_3861.jpg,54,26,302,73,0.8680,meter_display,1
hefei_3862.jpg,41,89,311,140,0.9134,meter_display,2
hefei_3865.jpg,68,19,331,71,0.8584,meter_display,2
hefei_3866.jpg,30,24,289,71,0.8490,meter_display,1
hefei_3868.jpg,85,37,242,71,0.8107,meter_display,1
hefei_3869.jpg,63,93,322,145,0.9022,meter_display,2
hefei_3872.jpg,44,33,302,92,0.8803,meter_display,1
hefei_3874.jpg,112,0,313,30,0.7887,meter_display,2
hefei_3876.jpg,19,0,245,41,0.5863,meter_display,1
hefei_3878.jpg,87,67,254,98,0.8354,meter_display,1
hefei_3880.jpg,49,12,278,54,0.8383,meter_display,1
hefei_3881.jpg,70,45,332,96,0.8925,meter_display,1
hefei_3882.jpg,9,102,278,153,0.8610,meter_display,1
hefei_3884.jpg,43,24,295,73,0.8550,meter_display,1
hefei_3886.jpg,38,91,292,140,0.8949,meter_display,1
hefei_3888.jpg,97,47,264,78,0.8332,meter_display,1
hefei_3889.jpg,51,50,309,100,0.9072,meter_display,1
hefei_3890.jpg,24,82,287,132,0.8418,meter_display,1
hefei_3892.jpg,46,96,309,146,0.8997,meter_display,2
hefei_3894.jpg,70,56,318,100,0.8692,meter_display,1
hefei_3897.jpg,69,66,327,111,0.7991,meter_display,1
hefei_3898.jpg,58,14,308,60,0.8714,meter_display,1
hefei_3904.jpg,97,21,286,59,0.8059,meter_display,3
hefei_3906.jpg,35,89,300,141,0.9097,meter_display,2
hefei_3908.jpg,66,90,299,134,0.8430,meter_display,1
hefei_3909.jpg,36,5,297,59,0.8498,meter_display,1
hefei_3910.jpg,64,73,333,128,0.9027,meter_display,2
hefei_3913.jpg,62,1,312,47,0.7885,meter_display,1
hefei_3916.jpg,49,47,308,96,0.8947,meter_display,1
hefei_3917.jpg,50,47,302,96,0.8930,meter_display,1
hefei_3920.jpg,52,17,302,63,0.8718,meter_display,1
hefei_3921.jpg,123,72,266,101,0.8741,meter_display,1
hefei_3925.jpg,139,97,275,125,0.8673,meter_display,1
hefei_3928.jpg,50,2,311,52,0.8218,meter_display,1
hefei_3929.jpg,45,38,286,80,0.8296,meter_display,1
hefei_3930.jpg,51,72,336,119,0.8821,meter_display,1
hefei_3933.jpg,52,44,314,94,0.8793,meter_display,1
hefei_3936.jpg,63,102,333,155,0.8634,meter_display,1
hefei_3937.jpg,58,29,314,78,0.8967,meter_display,1
hefei_3938.jpg,45,27,309,78,0.9029,meter_display,1
hefei_3940.jpg,69,84,318,132,0.8272,meter_display,1
hefei_3941.jpg,55,22,311,71,0.8355,meter_display,1
hefei_3942.jpg,46,102,313,154,0.8693,meter_display,1
hefei_3944.jpg,67,62,308,111,0.7947,meter_display,1
hefei_3945.jpg,26,80,316,134,0.8344,meter_display,3
hefei_3946.jpg,31,93,302,147,0.9059,meter_display,1
hefei_3948.jpg,27,51,305,100,0.8862,meter_display,1
hefei_3949.jpg,79,49,316,91,0.7504,meter_display,1
hefei_3950.jpg,96,30,263,64,0.8790,meter_display,1
hefei_3954.jpg,68,0,311,41,0.7420,meter_display,2
hefei_3956.jpg,31,92,299,144,0.9155,meter_display,1
hefei_3957.jpg,44,50,322,101,0.9136,meter_display,1
hefei_3958.jpg,40,85,303,138,0.8805,meter_display,1
hefei_3960.jpg,40,70,331,132,0.8836,meter_display,1
hefei_3961.jpg,46,23,302,71,0.8474,meter_display,1
hefei_3962.jpg,102,48,260,80,0.8262,meter_display,1
hefei_3964.jpg,63,1,310,48,0.7894,meter_display,1
hefei_3965.jpg,69,102,319,151,0.8290,meter_display,1
hefei_3968.jpg,35,37,306,91,0.8830,meter_display,1
hefei_3970.jpg,133,18,352,65,0.7569,meter_display,2
hefei_3972.jpg,40,0,306,36,0.3376,meter_display,1
hefei_3973.jpg,103,51,270,85,0.8687,meter_display,1
hefei_3974.jpg,66,39,314,89,0.8486,meter_display,1
hefei_3977.jpg,50,19,300,66,0.8523,meter_display,1
hefei_3982.jpg,82,77,349,123,0.8897,meter_display,1
hefei_3986.jpg,93,37,342,92,0.8335,meter_display,1
hefei_3988.jpg,46,49,301,97,0.8956,meter_display,1
hefei_3989.jpg,100,20,328,76,0.7704,meter_display,1
hefei_3990.jpg,46,10,300,61,0.8863,meter_display,1
hefei_3996.jpg,41,99,304,151,0.8690,meter_display,1
hefei_3998.jpg,131,144,277,169,0.8245,meter_display,1
hefei_4000.jpg,52,22,309,75,0.8781,meter_display,1
hefei_4002.jpg,103,48,259,79,0.8404,meter_display,1
hefei_4004.jpg,49,50,309,99,0.9044,meter_display,1
hefei_4005.jpg,68,1,298,46,0.8158,meter_display,1
hefei_4009.jpg,116,55,248,80,0.8465,meter_display,1
hefei_4010.jpg,42,71,289,117,0.8723,meter_display,1
hefei_4012.jpg,40,50,288,102,0.8784,meter_display,1
hefei_4014.jpg,91,87,322,134,0.7882,meter_display,1
hefei_4018.jpg,52,16,308,62,0.8804,meter_display,1
hefei_4020.jpg,67,38,322,85,0.8918,meter_display,1
hefei_4021.jpg,84,58,339,112,0.8717,meter_display,1
hefei_4024.jpg,58,53,307,101,0.8784,meter_display,1
hefei_4025.jpg,76,30,253,67,0.8239,meter_display,2
hefei_4026.jpg,70,38,300,84,0.8365,meter_display,1
hefei_4028.jpg,21,17,284,67,0.8755,meter_display,2
hefei_4029.jpg,64,66,315,114,0.8615,meter_display,1
hefei_4030.jpg,45,11,302,59,0.8972,meter_display,1
hefei_4032.jpg,28,23,288,72,0.8451,meter_display,1
hefei_4037.jpg,79,21,316,66,0.8303,meter_display,1
hefei_4038.jpg,27,79,275,127,0.8707,meter_display,1
hefei_4042.jpg,95,37,260,69,0.8365,meter_display,1
hefei_4045.jpg,82,37,357,94,0.8865,meter_display,1
hefei_4047.jpg,48,39,307,87,0.8945,meter_display,1
hefei_4049.jpg,83,53,246,85,0.8456,meter_display,1
hefei_4050.jpg,79,29,352,84,0.9011,meter_display,1
hefei_4051.jpg,59,27,330,78,0.9012,meter_display,1
hefei_4055.jpg,88,35,353,99,0.8073,meter_display,2
hefei_4057.jpg,14,0,278,40,0.7683,meter_display,1
hefei_4058.jpg,81,79,304,129,0.7701,meter_display,1
hefei_4061.jpg,39,78,236,112,0.2807,meter_display,1
hefei_4062.jpg,35,97,305,152,0.8876,meter_display,1
hefei_4063.jpg,111,57,256,86,0.8548,meter_display,1
hefei_4065.jpg,43,40,297,91,0.8532,meter_display,1
hefei_4066.jpg,61,28,308,73,0.8782,meter_display,1
hefei_4069.jpg,84,43,312,94,0.8031,meter_display,1
hefei_4070.jpg,64,20,317,72,0.8452,meter_display,1
hefei_4071.jpg,44,37,291,80,0.8489,meter_display,1
hefei_4073.jpg,49,49,306,97,0.9044,meter_display,1
hefei_4074.jpg,21,72,280,119,0.8930,meter_display,1
hefei_4075.jpg,14,89,259,135,0.8862,meter_display,2
hefei_4077.jpg,45,63,308,113,0.8866,meter_display,1
hefei_4081.jpg,83,0,268,33,0.6412,meter_display,1
hefei_4082.jpg,36,43,292,92,0.8549,meter_display,1
hefei_4083.jpg,43,88,348,140,0.8617,meter_display,1
hefei_4086.jpg,74,65,329,113,0.8687,meter_display,1
hefei_4089.jpg,48,5,305,53,0.8546,meter_display,2
hefei_4090.jpg,14,28,251,71,0.8304,meter_display,1
hefei_4093.jpg,28,41,281,92,0.8421,meter_display,1
hefei_4094.jpg,13,24,261,71,0.8249,meter_display,1
hefei_4095.jpg,29,38,290,86,0.9043,meter_display,1
hefei_4097.jpg,36,80,291,131,0.8455,meter_display,1
hefei_4098.jpg,22,37,283,88,0.8923,meter_display,1
hefei_4099.jpg,52,49,311,99,0.8965,meter_display,1
hefei_4101.jpg,67,63,301,114,0.8452,meter_display,2
hefei_4102.jpg,33,68,299,120,0.9089,meter_display,1
hefei_4103.jpg,51,39,296,85,0.8370,meter_display,1
hefei_4105.jpg,39,24,292,72,0.8441,meter_display,1
hefei_4109.jpg,52,40,307,86,0.8848,meter_display,1
hefei_4110.jpg,46,56,317,110,0.8995,meter_display,1
hefei_4111.jpg,44,21,296,71,0.8325,meter_display,1
hefei_4113.jpg,42,42,294,92,0.8371,meter_display,1
hefei_4114.jpg,42,15,289,60,0.8722,meter_display,1
hefei_4115.jpg,57,107,271,137,0.3439,meter_display,2
hefei_4117.jpg,17,30,261,81,0.8762,meter_display,1
hefei_4118.jpg,101,31,261,62,0.8774,meter_display,1
hefei_4121.jpg,35,46,297,96,0.8736,meter_display,1
hefei_4125.jpg,27,21,289,72,0.8563,meter_display,1
hefei_4127.jpg,34,19,290,66,0.8771,meter_display,1
hefei_4129.jpg,27,45,281,93,0.8813,meter_display,1
hefei_4131.jpg,44,50,297,99,0.8954,meter_display,1
hefei_4133.jpg,47,27,317,79,0.9123,meter_display,1
hefei_4135.jpg,45,90,307,140,0.8983,meter_display,1
hefei_4138.jpg,28,38,292,91,0.8839,meter_display,1
hefei_4139.jpg,63,56,298,100,0.8486,meter_display,1
hefei_4141.jpg,31,97,283,141,0.8822,meter_display,2
hefei_4142.jpg,39,7,250,48,0.7911,meter_display,1
hefei_4143.jpg,46,18,308,66,0.8848,meter_display,1
hefei_4145.jpg,115,50,263,80,0.8321,meter_display,1
hefei_4146.jpg,51,26,300,72,0.8569,meter_display,1
hefei_4147.jpg,84,98,321,144,0.8109,meter_display,1
hefei_4149.jpg,56,78,301,131,0.8506,meter_display,1
hefei_4150.jpg,67,76,319,121,0.8744,meter_display,1
hefei_4151.jpg,104,59,271,90,0.8449,meter_display,1
hefei_4153.jpg,13,148,241,194,0.8055,meter_display,1
hefei_4154.jpg,123,56,287,87,0.8609,meter_display,1
hefei_4155.jpg,81,51,307,94,0.8446,meter_display,2
hefei_4161.jpg,85,27,329,73,0.8487,meter_display,1
hefei_4162.jpg,24,35,281,80,0.8787,meter_display,1
hefei_4163.jpg,103,42,249,71,0.8773,meter_display,1
hefei_4165.jpg,70,13,335,68,0.8853,meter_display,1
hefei_4166.jpg,46,40,308,91,0.8826,meter_display,1
hefei_4167.jpg,14,1,271,33,0.7618,meter_display,2
hefei_4170.jpg,31,60,291,111,0.8725,meter_display,1
hefei_4171.jpg,101,47,255,76,0.8473,meter_display,2
hefei_4173.jpg,50,24,301,71,0.7859,meter_display,1
hefei_4175.jpg,117,46,270,76,0.8538,meter_display,1
hefei_4178.jpg,39,101,289,150,0.8564,meter_display,2
hefei_4181.jpg,90,51,341,97,0.8791,meter_display,1
hefei_4183.jpg,42,12,292,60,0.8602,meter_display,1
hefei_4185.jpg,31,63,276,111,0.8119,meter_display,1
hefei_4186.jpg,4,23,266,71,0.8613,meter_display,1
hefei_4187.jpg,41,85,341,137,0.7773,meter_display,1
hefei_4189.jpg,121,50,279,82,0.8781,meter_display,1
hefei_4190.jpg,34,80,296,131,0.8468,meter_display,1
hefei_4191.jpg,72,68,238,99,0.8457,meter_display,1
hefei_4193.jpg,99,62,332,112,0.7655,meter_display,1
hefei_4194.jpg,49,11,302,60,0.8888,meter_display,1
hefei_4195.jpg,132,83,268,107,0.7923,meter_display,1
hefei_4197.jpg,68,8,336,63,0.8852,meter_display,1
hefei_4198.jpg,73,58,240,90,0.8521,meter_display,1
hefei_4199.jpg,105,51,249,78,0.8292,meter_display,1
hefei_4201.jpg,63,9,335,62,0.9061,meter_display,1
hefei_4202.jpg,126,51,282,82,0.8813,meter_display,1
hefei_4203.jpg,100,66,254,95,0.8580,meter_display,1
hefei_4206.jpg,5,20,268,71,0.8598,meter_display,2
hefei_4207.jpg,29,67,289,115,0.8986,meter_display,1
hefei_4209.jpg,95,86,261,116,0.8435,meter_display,1
hefei_4210.jpg,29,10,281,59,0.8931,meter_display,1
hefei_4211.jpg,14,5,299,60,0.8773,meter_display,1
hefei_4213.jpg,72,89,330,135,0.8486,meter_display,2
hefei_4214.jpg,113,99,279,130,0.8391,meter_display,1
hefei_4215.jpg,89,30,257,64,0.8556,meter_display,1
hefei_4217.jpg,126,22,282,57,0.8674,meter_display,1
hefei_4218.jpg,19,91,248,135,0.8334,meter_display,1
hefei_4219.jpg,46,70,302,120,0.9058,meter_display,1
hefei_4221.jpg,48,30,321,89,0.9209,meter_display,2
hefei_4222.jpg,79,74,351,123,0.8839,meter_display,1
hefei_4223.jpg,23,38,271,84,0.8675,meter_display,2
hefei_4225.jpg,87,0,341,47,0.7979,meter_display,1
hefei_4226.jpg,44,98,296,148,0.8722,meter_display,2
hefei_4227.jpg,71,91,323,145,0.8916,meter_display,1
hefei_4230.jpg,53,7,310,54,0.8771,meter_display,1
hefei_4231.jpg,103,113,270,145,0.8469,meter_display,1
hefei_4233.jpg,33,21,274,67,0.8214,meter_display,2
hefei_4234.jpg,55,10,309,57,0.8888,meter_display,1
hefei_4237.jpg,65,39,279,74,0.8512,meter_display,1
hefei_4238.jpg,111,0,299,39,0.8411,meter_display,1
hefei_4241.jpg,94,53,265,86,0.8352,meter_display,1
hefei_4242.jpg,55,31,339,85,0.9200,meter_display,1
hefei_4245.jpg,5,62,258,111,0.8301,meter_display,2
hefei_4251.jpg,30,24,291,75,0.8312,meter_display,1
hefei_4255.jpg,121,61,282,114,0.8394,meter_display,1
hefei_4256.jpg,62,52,248,88,0.8502,meter_display,1
hefei_4258.jpg,34,36,289,86,0.8840,meter_display,1
hefei_4260.jpg,103,100,270,130,0.8423,meter_display,1
hefei_4262.jpg,37,25,277,71,0.7794,meter_display,1
hefei_4263.jpg,114,92,265,121,0.8681,meter_display,1
hefei_4266.jpg,65,56,315,109,0.8702,meter_display,1
hefei_4267.jpg,36,7,290,54,0.8706,meter_display,1
hefei_4270.jpg,86,69,344,124,0.8982,meter_display,1
hefei_4271.jpg,35,41,290,92,0.8612,meter_display,1
hefei_4274.jpg,47,37,317,87,0.8726,meter_display,1
hefei_4275.jpg,91,120,281,155,0.8596,meter_display,1
hefei_4276.jpg,60,41,300,89,0.8157,meter_display,1
hefei_4279.jpg,71,74,219,101,0.8625,meter_display,1
hefei_4280.jpg,116,43,264,71,0.8650,meter_display,1
hefei_4282.jpg,27,33,280,79,0.8913,meter_display,1
hefei_4283.jpg,8,36,303,121,0.6833,meter_display,1
hefei_4284.jpg,56,38,338,92,0.8768,meter_display,1
hefei_4286.jpg,99,66,262,95,0.8341,meter_display,1
hefei_4287.jpg,111,43,271,76,0.8509,meter_display,1
hefei_4288.jpg,104,27,258,58,0.8265,meter_display,1
hefei_4290.jpg,39,56,292,103,0.8851,meter_display,1
hefei_4291.jpg,102,71,261,101,0.8619,meter_display,1
hefei_4292.jpg,120,55,246,79,0.8394,meter_display,1
hefei_4294.jpg,65,50,308,104,0.8440,meter_display,1
hefei_4299.jpg,44,84,292,131,0.8430,meter_display,2
hefei_4302.jpg,99,57,241,85,0.8419,meter_display,1
hefei_4304.jpg,37,1,282,36,0.7874,meter_display,1
hefei_4306.jpg,128,35,350,82,0.8054,meter_display,1
hefei_4310.jpg,47,43,310,92,0.8572,meter_display,1
hefei_4311.jpg,55,76,309,122,0.8887,meter_display,2
hefei_4312.jpg,82,53,350,101,0.8953,meter_display,1
hefei_4314.jpg,24,61,287,111,0.8761,meter_display,1
hefei_4315.jpg,71,49,336,100,0.9033,meter_display,1
hefei_4316.jpg,125,76,270,105,0.8566,meter_display,1
hefei_4318.jpg,65,27,309,73,0.8503,meter_display,1
hefei_4324.jpg,74,22,222,53,0.8667,meter_display,1
hefei_4328.jpg,33,41,278,82,0.8446,meter_display,1
hefei_4330.jpg,15,6,270,53,0.8571,meter_display,1
hefei_4332.jpg,44,47,318,96,0.9077,meter_display,1
hefei_4335.jpg,42,0,317,65,0.8073,meter_display,1
hefei_4338.jpg,107,107,351,153,0.8370,meter_display,1
hefei_4340.jpg,33,5,290,54,0.8258,meter_display,2
hefei_4342.jpg,75,10,322,54,0.8472,meter_display,1
hefei_4343.jpg,45,82,336,132,0.8353,meter_display,1
hefei_4344.jpg,112,60,265,91,0.8314,meter_display,1
hefei_4346.jpg,117,60,273,94,0.8404,meter_display,1
hefei_4347.jpg,88,44,341,92,0.8467,meter_display,1
hefei_4350.jpg,29,31,293,80,0.9113,meter_display,1
hefei_4351.jpg,64,9,310,55,0.8542,meter_display,1
hefei_4352.jpg,27,105,273,151,0.7987,meter_display,2
hefei_4354.jpg,107,49,276,85,0.8621,meter_display,1
hefei_4355.jpg,37,18,290,65,0.8688,meter_display,1
hefei_4359.jpg,20,13,279,60,0.8832,meter_display,2
hefei_4360.jpg,16,54,287,104,0.8837,meter_display,1
hefei_4362.jpg,64,46,332,96,0.9014,meter_display,1
hefei_4363.jpg,80,61,316,111,0.7976,meter_display,1
hefei_4366.jpg,7,18,268,64,0.8865,meter_display,1
hefei_4367.jpg,24,70,284,119,0.9081,meter_display,1
hefei_4368.jpg,48,13,298,59,0.8842,meter_display,1
hefei_4372.jpg,49,29,302,75,0.8900,meter_display,1
hefei_4374.jpg,84,42,360,95,0.8914,meter_display,1
hefei_4375.jpg,38,85,332,134,0.8373,meter_display,1
hefei_4378.jpg,56,43,334,94,0.8722,meter_display,1
hefei_4380.jpg,49,9,302,58,0.8861,meter_display,1
hefei_4382.jpg,78,41,312,84,0.8350,meter_display,1
hefei_4383.jpg,76,1,333,55,0.8262,meter_display,1
hefei_4384.jpg,26,55,302,107,0.8938,meter_display,1
hefei_4386.jpg,71,79,298,122,0.8267,meter_display,1
hefei_4387.jpg,113,51,279,85,0.8497,meter_display,1
hefei_4390.jpg,53,95,299,135,0.7904,meter_display,1
hefei_4391.jpg,30,36,293,87,0.9014,meter_display,1
hefei_4394.jpg,32,61,301,115,0.8806,meter_display,1
hefei_4395.jpg,88,23,339,71,0.8237,meter_display,1
hefei_4396.jpg,61,60,315,111,0.8687,meter_display,2
hefei_4398.jpg,68,16,324,60,0.8791,meter_display,1
hefei_4399.jpg,84,91,342,137,0.8767,meter_display,1
hefei_4400.jpg,45,61,324,112,0.8640,meter_display,1
hefei_4403.jpg,45,66,278,113,0.8438,meter_display,1
hefei_4404.jpg,46,30,294,78,0.8724,meter_display,1
hefei_4408.jpg,106,75,259,105,0.8601,meter_display,1
hefei_4413.jpg,77,109,310,154,0.8324,meter_display,1
hefei_4415.jpg,58,21,303,71,0.7963,meter_display,1
hefei_4416.jpg,59,14,300,60,0.8512,meter_display,1
hefei_4419.jpg,127,71,279,101,0.8732,meter_display,1
hefei_4420.jpg,24,97,296,151,0.9034,meter_display,1
hefei_4423.jpg,63,96,291,139,0.8366,meter_display,1
hefei_4427.jpg,44,47,311,97,0.9069,meter_display,1
hefei_4429.jpg,65,49,311,95,0.8715,meter_display,1
hefei_4431.jpg,47,58,301,107,0.8809,meter_display,1
hefei_4432.jpg,63,3,317,52,0.8288,meter_display,1
hefei_4433.jpg,111,47,270,80,0.8202,meter_display,1
hefei_4435.jpg,18,75,317,125,0.7612,meter_display,1
hefei_4437.jpg,62,86,321,139,0.8940,meter_display,1
hefei_4440.jpg,26,0,275,39,0.7756,meter_display,1
hefei_4441.jpg,102,67,260,100,0.8372,meter_display,1
hefei_4447.jpg,130,71,287,100,0.8340,meter_display,1
hefei_4451.jpg,51,16,307,62,0.8781,meter_display,1
hefei_4452.jpg,45,63,315,112,0.8716,meter_display,1
hefei_4453.jpg,74,95,309,140,0.8188,meter_display,1
hefei_4455.jpg,72,61,238,91,0.7265,meter_display,1
hefei_4457.jpg,36,31,293,80,0.8888,meter_display,1
hefei_4459.jpg,32,101,291,151,0.8731,meter_display,2
hefei_4464.jpg,23,54,290,103,0.9111,meter_display,1
hefei_4465.jpg,33,22,240,60,0.8495,meter_display,1
hefei_4468.jpg,48,89,302,138,0.8984,meter_display,3
hefei_4469.jpg,92,37,227,63,0.8408,meter_display,3
hefei_4471.jpg,71,24,325,71,0.8588,meter_display,1
hefei_4472.jpg,4,56,269,105,0.9072,meter_display,1
hefei_4473.jpg,67,63,338,113,0.8737,meter_display,1
hefei_4475.jpg,61,63,302,116,0.8400,meter_display,1
hefei_4476.jpg,154,68,321,100,0.8497,meter_display,1
hefei_4477.jpg,87,18,336,66,0.8523,meter_display,1
hefei_4479.jpg,29,19,289,68,0.8773,meter_display,1
hefei_4483.jpg,80,31,307,76,0.8066,meter_display,1
hefei_4484.jpg,80,27,352,80,0.9009,meter_display,1
hefei_4485.jpg,45,20,295,71,0.8208,meter_display,1
hefei_4488.jpg,5,79,256,130,0.8653,meter_display,3
hefei_4489.jpg,36,43,296,94,0.8728,meter_display,1
hefei_4491.jpg,42,91,291,140,0.8779,meter_display,2
hefei_4492.jpg,124,52,299,88,0.8413,meter_display,1
hefei_4493.jpg,40,19,287,67,0.8407,meter_display,2
hefei_4495.jpg,113,78,273,108,0.8191,meter_display,1
hefei_4496.jpg,93,71,283,109,0.8479,meter_display,1
hefei_4497.jpg,104,56,265,86,0.8517,meter_display,1
hefei_4501.jpg,,,,,,no_detection,0
hefei_4503.jpg,104,48,250,76,0.8410,meter_display,1
hefei_4504.jpg,64,41,311,91,0.8422,meter_display,1
hefei_4505.jpg,4,4,266,52,0.8572,meter_display,2
hefei_4508.jpg,73,52,244,85,0.8438,meter_display,1
hefei_4509.jpg,46,21,295,71,0.8169,meter_display,1
hefei_4513.jpg,42,53,297,100,0.8935,meter_display,1
hefei_4515.jpg,47,28,292,74,0.8779,meter_display,1
hefei_4516.jpg,96,90,242,119,0.8279,meter_display,1
hefei_4524.jpg,26,67,259,111,0.8012,meter_display,2
hefei_4528.jpg,31,90,288,139,0.8953,meter_display,2
hefei_4529.jpg,47,22,289,65,0.8264,meter_display,1
